{"voxel_size": 0.00425, "block_size": 30, "grid_width": 800, "grid_height": 800, "grid_depth": 800, "atlas_width": 2048, "atlas_height": 2048, "atlas_depth": 32, "num_slices": 8, "min_x": -1.7, "min_y": -1.7, "min_z": -1.7, "atlas_blocks_x": 64, "atlas_blocks_y": 64, "atlas_blocks_z": 1, "input_height": 800.0, "input_width": 800.0, "input_focal": 1111.1110311937682, "worldspace_T_opengl": [[-1.0, 0.0, 0.0, 0.0], [0.0, 0.0, 1.0, 0.0], [0.0, 1.0, 0.0, 0.0], [0.0, 0.0, 0.0, 1.0]], "ndc": false, "0_weights": [[0.6109001636505127, -0.003996923565864563, -0.4886913001537323, 0.09491384774446487, -0.18963925540447235, -0.11473367363214493, -0.313321053981781, 0.10444055497646332, 0.30346792936325073, 0.2414950132369995, 0.06627030670642853, -0.16845674812793732, -0.005211474373936653, 0.1809898167848587, 0.4925229549407959, 0.017105435952544212], [-0.23143240809440613, 0.3004921078681946, 0.04366942122578621, -0.09820892661809921, -0.0285597275942564, -0.4335966110229492, -0.43558597564697266, 0.06776575744152069, 0.27392491698265076, -0.34587472677230835, -0.07549599558115005, 0.11351703852415085, 0.22200284898281097, 0.4967692196369171, 0.09172248095273972, 0.4936327636241913], [0.20261220633983612, -0.19661544263362885, 0.05793919414281845, 0.5250588059425354, -0.06801502406597137, 0.2156939059495926, 0.2584323287010193, -0.02250339277088642, -0.185669407248497, 0.33945760130882263, 0.1391698569059372, 0.07723776251077652, -0.369808167219162, -0.5170934796333313, -0.029410602524876595, -0.3021215498447418], [0.5582325458526611, -0.22913621366024017, -0.23308753967285156, 0.19536198675632477, -0.23220814764499664, 0.19105546176433563, 0.1702825278043747, 0.2503712475299835, 0.5866032838821411, 0.18875019252300262, -0.2688509523868561, -0.2443591058254242, -0.2388923317193985, 0.20276133716106415, 0.06301560252904892, 0.16994069516658783], [-0.15600033104419708, -0.1937500685453415, 0.3231843411922455, 0.18959298729896545, 0.3366023898124695, -0.4251713156700134, -0.08267783373594284, 0.13761991262435913, -0.11217452585697174, 0.0577845573425293, 0.12051654607057571, 0.012824536301195621, -0.07477953284978867, 0.16541357338428497, 0.2760775089263916, -0.05199851095676422], [-0.033177174627780914, -0.16822634637355804, 0.10020869970321655, -0.14300741255283356, -0.20708906650543213, -0.027479540556669235, -0.34223422408103943, -0.09153839200735092, 0.2679850459098816, -0.23627212643623352, -0.11596463620662689, -0.04598880186676979, 0.15662886202335358, -0.15882036089897156, -0.309769868850708, -0.23966509103775024], [0.07729962468147278, 0.08768393844366074, 0.13329535722732544, 0.3752272427082062, 0.1645883172750473, 0.17927414178848267, -0.3501277267932892, 0.14264611899852753, 0.16485190391540527, -0.23484861850738525, 0.11463417857885361, -0.20742619037628174, -0.09818686544895172, 0.14251217246055603, 0.2049187570810318, 0.3067341148853302], [0.03570030629634857, 0.22141125798225403, 0.3268074095249176, -0.35002365708351135, 0.04632224142551422, 0.17591944336891174, -0.44950664043426514, -0.044402286410331726, -0.2077323943376541, -0.2515360713005066, 0.04698576405644417, 0.30617111921310425, 0.23351943492889404, 0.5395663976669312, -0.1011643335223198, 0.21612603962421417], [-0.41156819462776184, -0.024132484570145607, 0.22627872228622437, 0.39878565073013306, 0.07065506279468536, 0.009052170440554619, -0.10047105699777603, 0.09287064522504807, -0.1815580278635025, 0.14738142490386963, -0.028184525668621063, 0.04988962411880493, -0.04447675868868828, 0.11517992615699768, -0.13779105246067047, -0.02955116145312786], [0.12227460741996765, -0.13399291038513184, 0.172572523355484, -0.3145641088485718, 0.21894903481006622, 0.18477606773376465, -0.4834139943122864, 0.0045027052983641624, 0.10189338028430939, -0.0063005066476762295, -0.13543559610843658, 0.13979586958885193, 0.11595742404460907, -0.3987061679363251, 0.21099530160427094, -0.4512178301811218], [-0.2673538625240326, 0.08965697884559631, -0.33020952343940735, 0.08912122994661331, 0.039771150797605515, 0.09755285084247589, 0.06239912658929825, 0.16945384442806244, 0.10799885541200638, 0.25484713912010193, -0.11727382242679596, -0.1824386715888977, -0.10202840715646744, -0.17141486704349518, 0.08693702518939972, -0.12330364435911179], [0.055046938359737396, 0.13504253327846527, 0.0002605486079119146, -0.059569038450717926, -0.08060486614704132, -0.34084799885749817, -0.03946558013558388, 0.18375052511692047, -0.1529444307088852, 0.09240860491991043, 0.2247709482908249, 0.16958755254745483, 0.03188946470618248, 0.48581254482269287, 0.0919422060251236, 0.3502638339996338], [0.10605388134717941, -0.23051421344280243, 0.022873390465974808, 0.7316290140151978, 0.25179144740104675, 0.04807991161942482, -0.22877584397792816, -0.11189690232276917, 0.04360511526465416, -0.00723794661462307, -0.006241681985557079, -0.07820358872413635, -0.008189267478883266, -0.46095210313796997, 0.14668966829776764, -0.24040910601615906], [-0.09554047137498856, 0.14657087624073029, 0.12464893609285355, 0.5337713360786438, 0.05042878910899162, -0.09091473370790482, -0.12286059558391571, -0.21402569115161896, -0.018396703526377678, -0.01067678164690733, 0.18071100115776062, 0.03208759054541588, -0.023217953741550446, 0.026096690446138382, -0.040000006556510925, 0.018714826554059982], [-0.013433931395411491, -0.11022261530160904, -0.10400226712226868, 0.097025565803051, 0.1916780322790146, -0.03801868483424187, 0.006389540620148182, 0.36188793182373047, -0.020289093255996704, 0.13295923173427582, -0.0562296137213707, -0.020603317767381668, 0.04447173327207565, -0.1911599040031433, -0.10090374946594238, -0.07542800158262253], [0.40890321135520935, 0.2535640299320221, 0.24474860727787018, -0.4449308216571808, -0.34128665924072266, 0.45449212193489075, 0.3431415259838104, -0.2043236792087555, -0.2809663712978363, -0.19402068853378296, 0.2208157777786255, -0.059372447431087494, -0.10908639430999756, 0.49460163712501526, -0.23444119095802307, -0.24776671826839447], [-0.1421993225812912, -0.152548149228096, 0.2543235719203949, -0.35521915555000305, -0.1446194052696228, 0.10851345956325531, 0.3913889229297638, -0.24214287102222443, -0.2234642058610916, -0.40760481357574463, 0.06517262011766434, 0.3484772741794586, -0.19977083802223206, 0.4609415531158447, 0.1643955260515213, -0.08354842662811279], [-0.05119206756353378, -0.2421184927225113, -0.3252299726009369, 0.12410983443260193, -0.393411248922348, 0.37183934450149536, 0.1470857560634613, -0.1943638026714325, -0.2935046851634979, 0.13356532156467438, 0.3333735466003418, 0.007118473760783672, 0.30152004957199097, -0.05420881137251854, 0.1044035479426384, -0.3927653133869171], [0.30201736092567444, 0.21688221395015717, -0.27772095799446106, -0.07632318139076233, 0.20323613286018372, 0.24622894823551178, -0.17058995366096497, -0.1622641235589981, -0.5835074186325073, 0.3253845274448395, -0.11708753556013107, 0.025564176961779594, 0.11514695733785629, -0.011678941547870636, 0.0019385182531550527, 0.1855097860097885], [-0.09514743834733963, 0.23881393671035767, 0.2503530979156494, -0.6055322289466858, 0.20021910965442657, -0.07752152532339096, -0.06257488578557968, 0.1221979558467865, 0.16245265305042267, -0.042639635503292084, -0.15567927062511444, 0.00020249189401511103, 0.20696650445461273, -0.14050798118114471, -0.2448549121618271, 0.3636840879917145], [-0.09831389784812927, 0.22024838626384735, -0.14447134733200073, -0.33354076743125916, -0.333137184381485, -0.053497862070798874, 0.21385958790779114, -0.17655938863754272, -0.019860371947288513, 0.026897119358181953, 0.25128281116485596, 0.21994014084339142, -0.0787518247961998, -0.2716008722782135, 0.5123394131660461, -0.04687560722231865], [0.515497088432312, -0.14449483156204224, -0.03639718517661095, 0.03430658206343651, 0.20635336637496948, 0.04066212847828865, -0.1457875519990921, 0.09816471487283707, -0.12639488279819489, 0.04328446462750435, 0.030973874032497406, -0.11585863679647446, 0.02881036140024662, 