{"voxel_size": 0.005666666666666666, "block_size": 30, "grid_width": 600, "grid_height": 600, "grid_depth": 600, "atlas_width": 2048, "atlas_height": 2048, "atlas_depth": 64, "num_slices": 16, "min_x": -1.7, "min_y": -1.7, "min_z": -1.7, "atlas_blocks_x": 64, "atlas_blocks_y": 64, "atlas_blocks_z": 2, "input_height": 800.0, "input_width": 800.0, "input_focal": 1492.820323027551, "worldspace_T_opengl": [[-1.0, 0.0, 0.0, 0.0], [0.0, 0.0, 1.0, 0.0], [0.0, 1.0, 0.0, 0.0], [0.0, 0.0, 0.0, 1.0]], "ndc": false, "0_weights": [[0.21318495273590088, 0.09700047969818115, -0.30070045590400696, 0.02314009703695774, -0.28503602743148804, -0.1626310795545578, -0.16479237377643585, 0.026769811287522316, -0.10504299402236938, 0.1505291908979416, 0.12279274314641953, -0.1308402270078659, 0.09404131025075912, -0.009991402737796307, 0.24585570394992828, -0.10736362636089325], [-0.24643997848033905, 0.24285410344600677, -0.07196923345327377, 0.16915318369865417, -0.24672482907772064, -0.2622634470462799, -0.046088963747024536, 0.02499433234333992, 0.25787681341171265, -0.16047972440719604, -0.059630271047353745, -0.09872464090585709, 0.06316041946411133, 0.07893641293048859, 0.10962745547294617, 0.2629891037940979], [0.3089153468608856, -0.10313285887241364, -0.08506413549184799, 0.24848465621471405, -0.09361068904399872, 0.16976068913936615, 0.29391244053840637, -0.13317303359508514, -0.2825566232204437, 0.2647370398044586, -0.012436906807124615, 0.0543263703584671, -0.24960654973983765, -0.3407101631164551, 0.07913210988044739, -0.14831531047821045], [0.17860540747642517, -0.13260121643543243, -0.05835989862680435, 0.11458193510770798, -0.3167667090892792, 0.12813153862953186, 0.32857367396354675, 0.1787799745798111, 0.20463679730892181, 0.12022033333778381, -0.204867422580719, -0.20878322422504425, -0.12690536677837372, 0.030430836603045464, -0.18327945470809937, 0.05430341139435768], [-0.17640875279903412, -0.26291748881340027, 0.23569391667842865, 0.449491947889328, 0.14491239190101624, -0.2585655152797699, 0.28975725173950195, 0.08031144738197327, -0.11589928716421127, 0.22775305807590485, 0.13018186390399933, -0.1968420296907425, -0.2270640730857849, -0.23301804065704346, 0.2837255895137787, -0.2787320911884308], [0.07783471047878265, -0.07338829338550568, -0.04533004388213158, -0.4119584262371063, -0.22671766579151154, -0.06423330307006836, -0.30701911449432373, -0.19580981135368347, 0.17331671714782715, -0.31920352578163147, -0.26689234375953674, -0.08111392706632614, 0.2615806460380554, -0.002883524401113391, -0.21184466779232025, -0.10368368774652481], [-0.241103857755661, 0.17038549482822418, 0.2602563202381134, 0.28679412603378296, 0.11483751237392426, 0.06956082582473755, -0.15560364723205566, 0.08422356098890305, -0.1351686418056488, -0.23781803250312805, 0.19745050370693207, -0.17546400427818298, 0.04755616560578346, 0.036291006952524185, -0.040046583861112595, 0.22892332077026367], [0.009726130403578281, 0.11313978582620621, 0.3311483860015869, -0.12457548826932907, -0.06452912092208862, 0.3177748918533325, -0.1413656324148178, -0.13894611597061157, -0.17325077950954437, -0.13247787952423096, 0.024206319823861122, 0.10676988959312439, 0.10577963292598724, 0.21156087517738342, -0.1166553944349289, 0.0047663552686572075], [-0.2864525318145752, 0.07028758525848389, 0.07489790767431259, 0.15514405071735382, 0.06803713738918304, 0.007189495023339987, -0.06335552036762238, 0.0066491784527897835, -0.27103930711746216, 0.045156870037317276, -0.1713823527097702, -0.022183861583471298, 0.013296779245138168, 0.19511114060878754, -0.07250659912824631, 0.04160518944263458], [0.003753514029085636, -0.1649441421031952, -0.053393930196762085, -0.2740829586982727, 0.29812145233154297, 0.05187258869409561, -0.03577633202075958, 0.08859284967184067, 0.08454538881778717, 0.06514780968427658, -0.1290326714515686, 0.24227657914161682, -0.015145466662943363, -0.11551974713802338, 0.03918597102165222, -0.14245858788490295], [0.05284203588962555, -0.19177834689617157, -0.04373906925320625, -0.12439186125993729, 0.10492463409900665, -0.011671340093016624, -0.08471009880304337, -0.06823130697011948, 0.20496942102909088, 0.086491659283638, -0.3606322407722473, -0.1878320425748825, -0.026997152715921402, -0.07001855969429016, 0.2039860188961029, -0.1355646252632141], [0.04133518040180206, 0.010359427891671658, -0.018514558672904968, -0.11619120836257935, -0.045355841517448425, -0.1165783479809761, 0.09425927698612213, 0.23771274089813232, -0.22121864557266235, 0.04724816232919693, 0.28299352526664734, 0.012485559098422527, -0.008243167772889137, 0.0792672336101532, 0.11072537302970886, 0.08083801716566086], [0.004638538230210543, -0.05120951309800148, -0.0012935585109516978, 0.16176125407218933, -0.13766315579414368, 0.007596801500767469, -0.0002924072905443609, -0.018125660717487335, 0.13312162458896637, 0.028649166226387024, -0.039330702275037766, -0.015696890652179718, -0.01105006504803896, -0.00023083393170963973, -0.015463393181562424, -0.011905365623533726], [0.04664389416575432, 0.05677921697497368, -0.07096298038959503, 0.003841698868200183, 0.031751155853271484, 0.0035723447799682617, 0.0283505916595459, -0.12902915477752686, -0.16659489274024963, -0.009760400280356407, 0.23137110471725464, 0.02337542362511158, 0.012589912861585617, 0.0004609998140949756, -0.047759078443050385, 0.07501651346683502], [-0.020443454384803772, -0.01560302171856165, -0.006949502509087324, -0.01304224506020546, 0.010994992218911648, -0.019266804680228233, 0.02656717784702778, 0.1940731257200241, -0.07393025606870651, 0.03151727840304375, -0.07497121393680573, -0.003403793089091778, 0.010481806471943855, 0.03027970902621746, -0.05142458155751228, 0.004476103000342846], [0.48407962918281555, 0.37778589129447937, 0.4144235849380493, -0.26672232151031494, -0.29624295234680176, 0.2982337474822998, 0.25101855397224426, -0.2153456062078476, -0.1796533614397049, 0.19178126752376556, 0.21400298178195953, -0.03830353543162346, 0.005770430900156498, 0.317094624042511, -0.2968873977661133, -0.12101660668849945], [0.02932148054242134, -0.05301836505532265, 0.4272528886795044, -0.15346841514110565, -0.02087104506790638, -0.0012981412000954151, 0.3011172413825989, -0.2793796956539154, -0.21888399124145508, 0.01358120422810316, 0.056077904999256134, 0.34347131848335266, -0.09848915040493011, 0.34833088517189026, 0.06351914256811142, -0.0027719177305698395], [0.03489180654287338, -0.13660719990730286, -0.09014022350311279, 0.2772146761417389, -0.26484450697898865, 0.23443350195884705, -0.008001165464520454, -0.24738669395446777, -0.2486688494682312, 0.5047348737716675, 0.2964307963848114, 0.02291313000023365, 0.42523878812789917, -0.1458337903022766, 0.041781533509492874, -0.22236268222332], [0.21238529682159424, 0.35120701789855957, -0.18508939445018768, 0.13586220145225525, 0.12111562490463257, 0.05327024310827255, -0.1797410249710083, -0.07395627349615097, -0.33266299962997437, 0.5927063226699829, -0.0947117879986763, 0.08578187972307205, 0.19601044058799744, -0.23820683360099792, -0.02121252566576004, 0.2986469268798828], [0.15309138596057892, 0.2813307046890259, 0.33545738458633423, -0.21121017634868622, 0.4259510040283203, -0.07338836789131165, -0.035836558789014816, 0.0887487381696701, -0.020669307559728622, 0.3845163583755493, -0.1525798887014389, -0.07879693061113358, 0.2698301672935486, -0.18068328499794006, -0.41205936670303345, 0.29103517532348633], [0.04021372273564339, 0.34665927290916443, 0.19537417590618134, -0.08845124393701553, -0.15581078827381134, -0.182425856590271, -0.10676973313093185, -0.2918555438518524, -0.06532623618841171, 0.31539544463157654, 0.12295638769865036, 0.27888819575309753, 0.08195973932743073, -0.15005023777484894, 0.45773908495903015, 0.23000183701515198], [-0.11019493639469147, -0.20329895615577698, 0.09215489029884338, 0.10529317706823349, 0.22432871162891388, -0.05871760845184326, -0.04648216813802719, 0.2727104425430298, 0.45536670088768005, -0.12391278147697449, 