{"voxel_size": 0.00425, "block_size": 30, "grid_width": 800, "grid_height": 800, "grid_depth": 800, "atlas_width": 2048, "atlas_height": 2048, "atlas_depth": 32, "num_slices": 8, "min_x": -1.7, "min_y": -1.7, "min_z": -1.7, "atlas_blocks_x": 64, "atlas_blocks_y": 64, "atlas_blocks_z": 1, "input_height": 800.0, "input_width": 800.0, "input_focal": 1492.820323027551, "worldspace_T_opengl": [[-1.0, 0.0, 0.0, 0.0], [0.0, 0.0, 1.0, 0.0], [0.0, 1.0, 0.0, 0.0], [0.0, 0.0, 0.0, 1.0]], "ndc": false, "0_weights": [[-0.23479384183883667, 0.17315319180488586, -0.2632991075515747, -0.18750238418579102, -0.28514841198921204, 0.19350895285606384, -0.21410100162029266, 0.05855346843600273, -0.16715338826179504, -0.21199263632297516, -0.1029244065284729, -0.0890880823135376, -0.04555344209074974, -0.19689533114433289, -0.1344907134771347, -0.08085059374570847], [0.3470275104045868, 0.22027824819087982, 0.2644003629684448, -0.13432663679122925, -0.27386075258255005, -0.26254844665527344, -0.25778305530548096, -0.06123832240700722, -0.3601720631122589, -0.09962328523397446, -0.2563243806362152, -0.0070036533288657665, -0.07389824837446213, -0.04648996889591217, -0.14584122598171234, 0.06725313514471054], [0.02877066843211651, -0.0612206757068634, 0.16213850677013397, 0.2132127285003662, -0.2013196051120758, 0.289409875869751, -0.21317480504512787, 0.11462263017892838, 0.23471184074878693, -0.1572849303483963, 0.015528695657849312, -0.23051679134368896, -0.19445344805717468, 0.0847146138548851, -0.28584760427474976, -0.31688567996025085], [-0.019816730171442032, -0.029174620285630226, -0.24600136280059814, 0.14731578528881073, -0.25142475962638855, -0.21492116153240204, -0.23196889460086823, 0.20479626953601837, 0.34800583124160767, -0.21085013449192047, -0.3207050561904907, -0.13119660317897797, 0.12399233132600784, -0.17291538417339325, 0.023002445697784424, -0.12997478246688843], [-0.023607786744832993, 0.1619291752576828, -0.04448597505688667, 0.12672483921051025, 0.15859530866146088, 0.1840021312236786, 0.2932056188583374, 0.3129595220088959, 0.2255413830280304, -0.20630289614200592, -0.08731325715780258, 0.15069079399108887, 0.00944327563047409, -0.09042642265558243, -0.22983704507350922, 0.12898148596286774], [-0.07000438123941422, -0.08500086516141891, -0.33704155683517456, -0.2061973363161087, 0.28828778862953186, -0.24590425193309784, 0.33433255553245544, -0.18526051938533783, -0.3211873769760132, -0.10230730473995209, 0.15506598353385925, 0.18874432146549225, -0.07338786870241165, -0.09282929450273514, -0.262439489364624, -0.011226115748286247], [-0.22977277636528015, 0.22910192608833313, -0.25731879472732544, 0.07808692753314972, -0.1434638649225235, 0.15851643681526184, 0.36171895265579224, -0.18138964474201202, 0.0710902288556099, -0.107490174472332, -0.12073533982038498, 0.1801484227180481, 0.06205624341964722, 0.1907336264848709, 0.12712670862674713, -0.08764614909887314], [-0.26649653911590576, -0.23325659334659576, 0.01147290039807558, -0.1363893300294876, -0.1406126171350479, 0.10256501287221909, -0.1914115995168686, 0.032264336943626404, 0.17349426448345184, 0.1186332032084465, 0.30191412568092346, -0.20800162851810455, 0.15191543102264404, 0.23071947693824768, -0.2541072368621826, -0.12994199991226196], [0.23194769024848938, 0.2589101493358612, -0.2958538234233856, 0.04638909548521042, -0.1293024867773056, -0.18707653880119324, -0.0826105996966362, -0.07491730153560638, 0.21803471446037292, 0.012717261910438538, -0.3076333999633789, 0.23477999866008759, -0.007666717749089003, -0.14049793779850006, -0.006938805803656578, 0.08386935293674469], [0.0026252944953739643, 0.1844167411327362, -0.16581322252750397, 0.0950283408164978, -0.09481345862150192, -0.2196817696094513, -0.0428662933409214, 0.22032761573791504, -0.049106333404779434, 0.16082367300987244, 0.0371941439807415, 0.07967647165060043, 0.22332406044006348, 0.07126329839229584, -0.01619480550289154, 0.18283425271511078], [0.011349188163876534, 0.17517410218715668, -0.22879134118556976, -0.11217544972896576, 0.22293703258037567, -0.17367100715637207, 0.04016854614019394, 0.08048690855503082, -0.15989407896995544, -0.1110975369811058, 0.060034655034542084, 0.09395235031843185, -0.08878886699676514, -0.028998950496315956, 0.20626001060009003, 0.005371099803596735], [-0.11749540269374847, -0.08030563592910767, 0.26147550344467163, -0.11156018823385239, 0.015336642041802406, 0.19837041199207306, 0.13560019433498383, 0.14798766374588013, -0.09025059640407562, 0.2404889315366745, -0.051487214863300323, 0.11622577905654907, 0.12774591147899628, 0.008067702874541283, 0.2737286388874054, 0.09726613014936447], [0.10113760083913803, -0.15008623898029327, 0.019725104793906212, 0.08429589122533798, -0.044483162462711334, 0.09164156019687653, -0.004254200030118227, -0.1936197727918625, -0.13754624128341675, 0.1726895421743393, 0.11019869893789291, -0.136037215590477, -0.09728255867958069, 0.1302335113286972, 0.21101579070091248, -0.015151209197938442], [-0.15500685572624207, -0.16129638254642487, 0.034913320094347, -0.04374922811985016, -0.1293105036020279, -0.09186192601919174, 0.1471167951822281, 0.07099378854036331, 0.164729505777359, 0.03694731369614601, -0.23345038294792175, 0.22616668045520782, 0.27244076132774353, -0.15560191869735718, 0.14554350078105927, 0.16202706098556519], [0.19324257969856262, -0.11748544871807098, -0.07589053362607956, 0.08048362284898758, -0.06128964573144913, 0.20112156867980957, -0.22800210118293762, 0.17376254498958588, -0.033025629818439484, -0.19655415415763855, 0.005215133540332317, -0.12387256324291229, -0.1461266428232193, -0.08223053067922592, 0.10016342252492905, 0.05502154305577278], [-0.07181517034769058, -0.3358592391014099, -0.35654816031455994, -0.313385546207428, 0.31366169452667236, 0.01833021268248558, -0.06510370224714279, 0.23833994567394257, 0.3618835508823395, 0.1806846261024475, -0.2475605309009552, 0.07221712917089462, 0.3232823610305786, -0.3011578321456909, 0.00897806417196989, 0.30207008123397827], [0.1497068554162979, 0.09014055877923965, -0.3232913613319397, 0.2562350630760193, 0.07194436341524124, 0.0562966912984848, 0.2805624008178711, 0.23151575028896332, -0.14952348172664642, 0.24521376192569733, 0.2295549362897873, -0.22077760100364685, -0.21974870562553406, 0.2865975797176361, 0.17821867763996124, -0.20626357197761536], [-0.0792199969291687, 0.06721176952123642, -0.18270336091518402, 0.18218819797039032, 0.3023645281791687, 0.16966333985328674, 0.355140745639801, 0.15232397615909576, -0.027319831773638725, 0.29867416620254517, 0.34336748719215393, -0.010818679817020893, 0.1766970306634903, -0.03267153352499008, -0.2375219762325287, 0.22615046799182892], [0.04047266021370888, 0.3413030207157135, 0.14136762917041779, 0.23972192406654358, -0.1591515690088272, 0.12858958542346954, 0.19004257023334503, 0.3181597590446472, 0.2722793519496918, -0.18947044014930725, 0.012441305443644524, -0.0777769610285759, 0.11378664523363113, -0.3444788455963135, 0.20751862227916718, 0.003802461316809058], [-0.055063411593437195, 0.1767285168170929, -0.3616660535335541, 0.3658137321472168, -0.04698098450899124, 0.16623322665691376, -0.23995521664619446, -0.005112665705382824, 0.06248970702290535, -0.1491420716047287, -0.03019704855978489, -0.28042683005332947, 0.015992706641554832, 0.2447468489408493, 0.177984356880188, 0.33416834473609924], [0.28553494811058044, 0.1414278745651245, -0.03239507973194122, 0.07622108608484268, 0.14953671395778656, -0.19038043916225433, 0.14666447043418884, 0.11369442939758301, 0.09033198654651642, 0.23084957897663116, 0.045118335634469986, -0.16209228336811066, 0.1941569596529007, 0.13881419599056244, -0.15663085877895355, -0.09481240063905716], [-0.1488269716501236, -0.10338933020830154, -0.2320626676082611, 0.0755077451467514, -0.04624469578266144, 0.19313105940818787, -0.016697101294994354, -0.06364975869655609, -0.04655628651380539, -0.3697308599948883, -0.2216852754354477, 0.21778236329555511, 0.0005079072434455156, 