{"voxel_size": 0.00425, "block_size": 30, "grid_width": 800, "grid_height": 800, "grid_depth": 800, "atlas_width": 2048, "atlas_height": 2048, "atlas_depth": 32, "num_slices": 8, "min_x": -1.7, "min_y": -1.7, "min_z": -1.7, "atlas_blocks_x": 64, "atlas_blocks_y": 64, "atlas_blocks_z": 1, "input_height": 800.0, "input_width": 800.0, "input_focal": 1111.1110311937682, "worldspace_T_opengl": [[-1.0, 0.0, 0.0, 0.0], [0.0, 0.0, 1.0, 0.0], [0.0, 1.0, 0.0, 0.0], [0.0, 0.0, 0.0, 1.0]], "ndc": false, "0_weights": [[0.350068598985672, 0.1437559276819229, -0.28073397278785706, 0.04334728419780731, -0.17738927900791168, -0.10610733181238174, -0.3255912661552429, 0.009299702942371368, -0.06820555776357651, 0.20837266743183136, 0.04348469898104668, -0.2958598732948303, 0.19471712410449982, -0.0045215897262096405, 0.21327616274356842, -0.11629944294691086], [-0.2953541874885559, 0.19030791521072388, -0.11521684378385544, 0.08101232349872589, -0.15376582741737366, -0.3810049593448639, -0.0743732675909996, 0.20170576870441437, 0.24432332813739777, -0.18695762753486633, -0.07564607262611389, -0.07458075135946274, 0.08340007066726685, 0.10567682236433029, 0.020717069506645203, 0.24884024262428284], [0.24176202714443207, -0.22084565460681915, -0.05451242998242378, 0.2156819850206375, -0.023242954164743423, 0.2851243317127228, 0.3102472722530365, 0.026176922023296356, -0.4051847457885742, 0.20336736738681793, 0.09052211791276932, -0.04795100539922714, -0.4523676931858063, -0.3361473083496094, -0.015758145600557327, -0.22165383398532867], [0.296630322933197, -0.09409809112548828, -0.047990914434194565, 0.13107830286026, -0.21600304543972015, 0.1951528936624527, 0.178320050239563, 0.15294569730758667, 0.2323317974805832, 0.17205780744552612, -0.29066362977027893, -0.3728874921798706, -0.03673256188631058, 0.04134264960885048, -0.2063329815864563, 0.051283903419971466], [-0.22399725019931793, -0.31245478987693787, 0.17683875560760498, 0.3609600365161896, 0.23929215967655182, -0.35745397210121155, 0.27387183904647827, 0.26484280824661255, -0.13332802057266235, 0.21137043833732605, 0.1269659548997879, -0.16118104755878448, -0.20964206755161285, -0.20862847566604614, 0.1960458755493164, -0.2831064760684967], [0.002168671227991581, -0.1840268075466156, -0.01906263269484043, -0.43523499369621277, -0.16537658870220184, 0.03257140889763832, -0.2920834422111511, -0.03962472453713417, 0.05270872637629509, -0.3671603500843048, -0.18352438509464264, -0.15781444311141968, 0.08549908548593521, 0.00372732849791646, -0.29743435978889465, -0.17778493463993073], [-0.18573155999183655, 0.18370164930820465, 0.24044674634933472, 0.28749948740005493, 0.1948643922805786, 0.16760842502117157, -0.27269330620765686, 0.03058592602610588, -0.13440950214862823, -0.20542669296264648, 0.09535112231969833, -0.33837783336639404, 0.11215165257453918, 0.06241198256611824, -0.028677409514784813, 0.24139945209026337], [-0.032493654638528824, 0.0773308128118515, 0.22651582956314087, -0.2153267115354538, 0.03409624099731445, 0.2838253080844879, -0.11683591455221176, 0.06699293106794357, -0.2059868574142456, -0.11473238468170166, 0.07191703468561172, 0.17917214334011078, 0.11470585316419601, 0.2253703773021698, -0.20294804871082306, 0.029046040028333664], [-0.38026320934295654, -0.01595650613307953, 0.08434925228357315, 0.16546988487243652, 0.09410388022661209, 0.03792005404829979, -0.051226288080215454, 0.15669505298137665, -0.381561815738678, 0.04514293745160103, -0.15856871008872986, -0.015282548032701015, -0.08068151026964188, 0.2102554738521576, -0.12775614857673645, -0.03062206692993641], [-0.10660717636346817, -0.18127432465553284, -0.08669818192720413, -0.2802201211452484, 0.30715373158454895, 0.1401187926530838, -0.07274924963712692, -0.06462253630161285, -0.0008562098955735564, 0.020656103268265724, -0.122896708548069, 0.015379115007817745, 0.219059556722641, -0.14060862362384796, 0.23781107366085052, -0.17136231064796448], [-0.012556688860058784, -0.09397610276937485, -0.20035260915756226, -0.28434330224990845, 0.11774887144565582, 0.14910948276519775, 0.013262173160910606, 0.013996751047670841, 0.10079727321863174, 0.22148850560188293, -0.09553875774145126, -0.06413503736257553, -0.062005698680877686, -0.16858528554439545, 0.08651478588581085, -0.13826505839824677], [-0.022337086498737335, 0.04510608687996864, -0.15453803539276123, -0.08459879457950592, -0.18769200146198273, -0.41749057173728943, 0.13083530962467194, 0.3351905345916748, -0.2610338628292084, 0.20104800164699554, -0.04797204211354256, 0.2604592740535736, -0.013052884489297867, 0.155435249209404, 0.160838320851326, 0.14120441675186157], [0.010547636076807976, -0.118456169962883, -0.005350092891603708, 0.007625107187777758, 0.25279438495635986, 0.06655890494585037, -0.06907457858324051, -0.01992921717464924, -0.019279584288597107, -0.06389828026294708, -0.03210039064288139, 0.04726140573620796, -0.004685323219746351, -0.05865652859210968, 0.18198050558567047, -0.05568083003163338], [0.05960364639759064, 0.02509857900440693, 0.031851187348365784, 0.08344291150569916, 0.2645784616470337, -0.07847820967435837, -0.008673138916492462, 0.047602877020835876, -0.04737316071987152, -0.06380268186330795, 0.04638117924332619, -0.021310925483703613, -0.012833215296268463, 0.08217079937458038, -0.029134828597307205, 0.009395402856171131], [0.0918755754828453, -0.10642392933368683, -0.0035795087460428476, -0.0381234735250473, 0.18638719618320465, -0.06238071247935295, 0.10636600106954575, 0.2944526672363281, 0.03472372889518738, 0.03360825031995773, -0.05177295207977295, -0.04053428769111633, 0.07979275286197662, -0.023934777826070786, -0.0006183850928209722, -0.06751592457294464], [0.3083958029747009, 0.3633565902709961, 0.4458778500556946, -0.11849222332239151, -0.2645752429962158, 0.33255746960639954, 0.15696823596954346, -0.08066656440496445, 0.09415004402399063, -0.06248735636472702, 0.20340418815612793, 0.07022044062614441, -0.010656619444489479, 0.29442834854125977, -0.2392960786819458, -0.16905611753463745], [-0.2011551558971405, -0.023720234632492065, 0.4570584297180176, -0.02803824283182621, -0.056380901485681534, 0.015274536795914173, 0.21483969688415527, -0.13021424412727356, 0.03246844932436943, -0.18804176151752472, 0.0703265368938446, 0.4516005516052246, -0.10627023130655289, 0.3220207393169403, 0.15771076083183289, -0.04712153971195221], [-0.15863530337810516, -0.09110847115516663, -0.09010153263807297, 0.4320583939552307, -0.22763055562973022, 0.26281705498695374, -0.08473021537065506, -0.07898598164319992, 0.028581757098436356, 0.32875558733940125, 0.3382669985294342, 0.1319456696510315, 0.40121781826019287, -0.1517375409603119, 0.10190616548061371, -0.24120372533798218], [0.14958609640598297, 0.2228747308254242, -0.13562636077404022, 0.2628088593482971, 0.20503608882427216, 0.10508949309587479, -0.263560026884079, -0.03851175308227539, -0.09379265457391739, 0.2693157494068146, -0.17267121374607086, 0.19718791544437408, 0.16527651250362396, -0.28172987699508667, 0.017458029091358185, 0.2251623123884201], [-0.12852847576141357, 0.3426196575164795, 0.3947311341762543, -0.1855168640613556, 0.14569199085235596, -0.10051950812339783, -0.10463999956846237, 0.10424421727657318, 0.1053994819521904, 0.24980910122394562, -0.13519124686717987, -0.011157486587762833, 0.2898748815059662, -0.219358429312706, -0.27937597036361694, 0.22735942900180817], [-0.12497537583112717, 0.47972363233566284, 0.14533887803554535, 0.12188608944416046, -0.016758441925048828, -0.1710212528705597, -0.13114094734191895, -0.09425440430641174, 0.22389158606529236, 0.28509387373924255, 0.22518841922283173, 0.3988806903362274, 0.09131605923175812, -0.12920957803726196, 0.4606124758720398, 0.27402642369270325], [0.05094755068421364, -0.29774385690689087, 0.0028068372048437595, 0.004112390335649252, 0.35545530915260315, 0.00044144224375486374, 0.0280833151191473, 0.05569770932197571, 0.13589176535606384, -0.005961674731224775, 0.024262623861432076, 0.25228172540664673, 