{"voxel_size": 0.00425, "block_size": 30, "grid_width": 800, "grid_height": 800, "grid_depth": 800, "atlas_width": 2048, "atlas_height": 2048, "atlas_depth": 32, "num_slices": 8, "min_x": -1.7, "min_y": -1.7, "min_z": -1.7, "atlas_blocks_x": 64, "atlas_blocks_y": 64, "atlas_blocks_z": 1, "input_height": 800.0, "input_width": 800.0, "input_focal": 1111.1110311937682, "worldspace_T_opengl": [[-1.0, 0.0, 0.0, 0.0], [0.0, 0.0, 1.0, 0.0], [0.0, 1.0, 0.0, 0.0], [0.0, 0.0, 0.0, 1.0]], "ndc": false, "0_weights": [[-0.2870044708251953, 0.10884498804807663, -0.29977646470069885, -0.23441176116466522, -0.21495699882507324, 0.25130653381347656, -0.18285419046878815, 0.03837636858224869, -0.28798210620880127, -0.199895977973938, -0.055480632930994034, -0.11318051069974899, 0.10661567747592926, -0.194092258810997, -0.13037505745887756, -0.01926761120557785], [0.4166775047779083, 0.22188951075077057, 0.22984063625335693, -0.14434334635734558, -0.2316347360610962, -0.3479979634284973, -0.17740122973918915, -0.11513163894414902, -0.3718884289264679, -0.07498679310083389, -0.22261716425418854, 0.054954323917627335, -0.10694080591201782, -0.09955459088087082, -0.044139325618743896, 0.0013833256671205163], [-0.009480605833232403, -0.18078021705150604, 0.19224709272384644, 0.215744286775589, -0.30612775683403015, 0.27889010310173035, -0.36265063285827637, 0.16298073530197144, 0.3648265302181244, -0.10974093526601791, 0.08570006489753723, -0.17407763004302979, -0.22616872191429138, 0.1297634392976761, -0.40982213616371155, -0.45648181438446045], [-0.07087866961956024, -0.10143797844648361, -0.27789315581321716, 0.09968897700309753, -0.17920143902301788, -0.15639923512935638, -0.20218078792095184, 0.19136016070842743, 0.23608706891536713, -0.19784367084503174, -0.265642374753952, -0.15957388281822205, 0.26107627153396606, -0.16526569426059723, 0.028604907914996147, -0.07030616700649261], [0.04491007700562477, 0.15679651498794556, -0.08381999284029007, 0.11600445955991745, 0.1963636875152588, 0.10580962896347046, 0.36761847138404846, 0.2582719922065735, 0.21978583931922913, -0.18680498003959656, -0.054193589836359024, 0.20918570458889008, -0.01782492734491825, -0.1411634087562561, -0.13935686647891998, 0.06358799338340759], [-0.1054774671792984, -0.2027955800294876, -0.3036104142665863, -0.20200423896312714, 0.18559986352920532, -0.2551782429218292, 0.18584853410720825, -0.12999683618545532, -0.18457700312137604, -0.05372456833720207, 0.2266818732023239, 0.24641232192516327, -0.10230380296707153, -0.038462068885564804, -0.38990724086761475, -0.1546214371919632], [-0.2752055823802948, 0.12824052572250366, -0.2766539454460144, 0.029027802869677544, -0.06345675140619278, 0.22563643753528595, 0.3876136839389801, -0.17354099452495575, -0.012574930675327778, -0.0879906639456749, -0.04553874954581261, 0.13350392878055573, 0.14752735197544098, 0.21284261345863342, 0.13856659829616547, -0.03440584987401962], [-0.20260290801525116, -0.2612202763557434, -0.0437159426510334, -0.14906448125839233, -0.11118372529745102, 0.04504379257559776, -0.1392163783311844, -0.022472886368632317, 0.17108586430549622, 0.12226720154285431, 0.3318161070346832, -0.16313259303569794, 0.14354105293750763, 0.1877601593732834, -0.1957804262638092, -0.1954653263092041], [0.2041510045528412, 0.14771583676338196, -0.25609806180000305, 0.05847718566656113, -0.2200009524822235, -0.19648610055446625, -0.2239026576280594, 0.003428146941587329, 0.38256439566612244, 0.06598284840583801, -0.23764587938785553, 0.29266396164894104, -0.023453466594219208, -0.05871148779988289, -0.14797917008399963, -0.07183162122964859], [-0.010373102501034737, 0.017511559650301933, -0.14338794350624084, 0.06862509250640869, -0.011388423852622509, -0.1434275358915329, -0.0071615311317145824, 0.3189375400543213, 0.05071897804737091, 0.20934581756591797, 0.1268036663532257, 0.031632035970687866, 0.06793659180402756, 0.12701855599880219, -0.037838902324438095, 0.1410863995552063], [-0.0159783735871315, 0.023805921897292137, -0.3808964192867279, -0.11633274704217911, 0.17363014817237854, -0.08887949585914612, -0.02020655944943428, 0.056352827697992325, -0.10330338031053543, -0.15552544593811035, 0.09586020559072495, -0.02113097906112671, -0.041239116340875626, 0.0046315668150782585, 0.21815547347068787, -0.02164515294134617], [-0.12198808789253235, -0.09787724167108536, 0.3160930573940277, -0.03945259749889374, 0.021555902436375618, 0.167207732796669, 0.07817438989877701, 0.24767477810382843, 0.09838155657052994, 0.32010310888290405, 0.027991170063614845, 0.1326713263988495, 0.18573834002017975, 0.12860064208507538, 0.0906258225440979, -0.015603363513946533], [0.033034950494766235, 0.07066427916288376, -0.0524415448307991, 0.08762495219707489, -0.01062950398772955, 0.10042659193277359, 0.041280921548604965, -0.113665871322155, -0.12998831272125244, 0.1558619886636734, -0.005970518104732037, -0.13424286246299744, -0.015239697881042957, 0.09411196410655975, 0.03817252069711685, 0.05617010220885277], [-0.1396469622850418, -0.1495721936225891, 0.11813152581453323, -0.059168748557567596, -0.11512943357229233, -0.010786745697259903, 0.08234595507383347, -0.001536321360617876, 0.21106866002082825, 0.05406597629189491, -0.14208728075027466, 0.3656919598579407, 0.24601183831691742, -0.138227179646492, 0.01664401777088642, 0.05966050922870636], [0.1753942221403122, -0.04589369148015976, -0.04671110585331917, 0.03600373864173889, -0.07421993464231491, 0.3157725930213928, -0.1347033828496933, 0.2560882568359375, -0.15898911654949188, -0.008175994269549847, -0.15829506516456604, -0.2186390608549118, -0.12934908270835876, -0.18925517797470093, -0.036054275929927826, -0.06174085661768913], [-0.05833960697054863, -0.2107502669095993, -0.338472455739975, -0.4308285117149353, 0.16451306641101837, 0.042988069355487823, 0.024095065891742706, 0.16337372362613678, 0.24517285823822021, 0.012709909118711948, -0.3962199091911316, 0.140028178691864, 0.2801089286804199, -0.2892417311668396, 0.04838138446211815, 0.28545430302619934], [0.18584907054901123, 0.2702808380126953, -0.2909061908721924, 0.1459467113018036, -0.05757967010140419, 0.06452461332082748, 0.3755204379558563, 0.13696667551994324, -0.24541810154914856, 0.06613673269748688, 0.09643732756376266, -0.1706431359052658, -0.2921532094478607, 0.23964190483093262, 0.2419070154428482, -0.2512727677822113], [-0.061328571289777756, 0.22161470353603363, -0.16160085797309875, 0.07813060283660889, 0.15084892511367798, 0.19496548175811768, 0.42848071455955505, 0.06446483731269836, -0.14757336676120758, 0.10412991046905518, 0.19680650532245636, 0.0531553290784359, 0.12065299600362778, -0.060600198805332184, -0.21448935568332672, 0.19955860078334808], [-0.04775001481175423, 0.3449215888977051, 0.16966353356838226, 0.11518360674381256, -0.27132388949394226, 0.1644069105386734, 0.24633629620075226, 0.2792411744594574, 0.1480763852596283, -0.15910764038562775, -0.07561510801315308, 0.0053754230029881, 0.1147623136639595, -0.22419185936450958, 0.19411247968673706, 0.030277054756879807], [0.023424478247761726, 0.37399691343307495, -0.318382203578949, 0.28151074051856995, -0.11663606762886047, 0.13000380992889404, -0.23681721091270447, -0.16141118109226227, 0.04557492956519127, -0.2817680835723877, -0.11146996170282364, -0.2623373866081238, -0.08064967393875122, 0.11627744883298874, 0.19923758506774902, 0.24957510828971863], [0.30123746395111084, 0.273196280002594, -0.01430882140994072, 0.01727951318025589, 0.004225153475999832, -0.10622291266918182, 0.22208163142204285, 0.10262364894151688, -0.033489588648080826, -0.0009863576851785183, -0.092257060110569, -0.12401594966650009, 0.1552223116159439, 0.11332248151302338, -0.11031970381736755, -0.07189944386482239], [-0.2417503148317337, -0.08707732707262039, -0.24300408363342285, 0.03327171877026558, 0.029774079099297523, 0.1974266767501831, 0.010842394083738327, -0.04494025930762291, -0.08093193918466568, -0.21029406785964966, -0.13178777694702148, 0.2836785316467285, 