{"voxel_size": 0.00425, "block_size": 30, "grid_width": 800, "grid_height": 800, "grid_depth": 800, "atlas_width": 2048, "atlas_height": 2048, "atlas_depth": 32, "num_slices": 8, "min_x": -1.7, "min_y": -1.7, "min_z": -1.7, "atlas_blocks_x": 64, "atlas_blocks_y": 64, "atlas_blocks_z": 1, "input_height": 800.0, "input_width": 800.0, "input_focal": 1111.1110311937682, "worldspace_T_opengl": [[-1.0, 0.0, 0.0, 0.0], [0.0, 0.0, 1.0, 0.0], [0.0, 1.0, 0.0, 0.0], [0.0, 0.0, 0.0, 1.0]], "ndc": false, "0_weights": [[-0.1828913390636444, 0.13649199903011322, -0.31745514273643494, -0.21703100204467773, -0.2297765612602234, 0.2995699346065521, -0.23955874145030975, 0.04085192084312439, -0.04103569686412811, -0.20776689052581787, -0.012816433794796467, -0.16476652026176453, -0.0755109116435051, -0.22247132658958435, -0.020154427736997604, -0.0915047749876976], [0.3454166054725647, 0.13924476504325867, 0.16008231043815613, -0.1897725760936737, -0.320444792509079, -0.21431471407413483, -0.20694126188755035, -0.10047588497400284, -0.32014548778533936, -0.1214250773191452, -0.23409566283226013, -0.06749685853719711, -0.10224806517362595, 0.06591330468654633, -0.163265198469162, 0.12169259041547775], [0.00015889947826508433, -0.044975150376558304, 0.2824448049068451, 0.14628826081752777, -0.3371701240539551, 0.29782775044441223, -0.24472670257091522, 0.11548135429620743, 0.20131440460681915, -0.17748357355594635, -0.03302828595042229, -0.17303365468978882, -0.18960778415203094, 0.041145116090774536, -0.29072704911231995, -0.36376121640205383], [0.026008939370512962, -0.06407663971185684, -0.29821470379829407, 0.1139015406370163, -0.19140520691871643, -0.09756329655647278, -0.25850385427474976, 0.18458133935928345, 0.47063788771629333, -0.20786955952644348, -0.23133401572704315, -0.1998807191848755, 0.0863034799695015, -0.19643759727478027, 0.13434766232967377, -0.13701912760734558], [-0.02195413038134575, 0.08444152027368546, -0.14792697131633759, 0.07394466549158096, 0.11349035799503326, 0.23260650038719177, 0.3435094654560089, 0.27269992232322693, 0.2635205090045929, -0.2366594672203064, -0.06327902525663376, 0.08832356333732605, -0.01648923009634018, 0.013117424212396145, -0.24295948445796967, 0.18621006608009338], [-0.0994701087474823, -0.07118935883045197, -0.22209817171096802, -0.2741239368915558, 0.15574109554290771, -0.23912806808948517, 0.30217114090919495, -0.18495608866214752, -0.3486122190952301, -0.12044131755828857, 0.10808637738227844, 0.24565008282661438, -0.07604024559259415, -0.12705649435520172, -0.2645522654056549, -0.06194894388318062], [-0.20552757382392883, 0.19999144971370697, -0.30222928524017334, 0.030991198495030403, -0.06928295642137527, 0.3132321834564209, 0.3332706689834595, -0.2081807255744934, 0.17720399796962738, -0.10883311182260513, -0.032775234431028366, 0.1356833577156067, -0.0035712129902094603, 0.17290349304676056, 0.23003153502941132, -0.0801306664943695], [-0.2548888027667999, -0.2974206805229187, -0.08866048604249954, -0.17844067513942719, -0.17945562303066254, 0.1529664844274521, -0.1433316022157669, -0.012075587175786495, 0.20389162003993988, 0.06075386703014374, 0.33273640275001526, -0.2758856415748596, 0.13457758724689484, 0.30150309205055237, -0.25030240416526794, -0.06396296620368958], [0.19958536326885223, 0.26447176933288574, -0.1980624496936798, -0.022336596623063087, -0.24853625893592834, -0.18739227950572968, -0.11804207414388657, -0.07676071673631668, 0.21170945465564728, 0.0021473178640007973, -0.3480418026447296, 0.28919482231140137, -0.0375230573117733, -0.14229227602481842, 0.0009555985452607274, 0.021067583933472633], [-0.2094370573759079, 0.17632412910461426, -0.10162009298801422, -0.03509649261832237, -0.025097183883190155, 0.05605197697877884, -0.028448358178138733, 0.15242356061935425, -0.1143079474568367, 0.17963050305843353, 0.08900535106658936, 0.1377147138118744, -0.010981944389641285, 0.06608621776103973, 0.05210350081324577, 0.29300111532211304], [0.05810467526316643, 0.2230496108531952, -0.2881440222263336, -0.019056718796491623, 0.2545979917049408, -0.10033468902111053, 0.032542694360017776, 0.00785458367317915, -0.18413642048835754, -0.2417336404323578, 0.12012812495231628, 0.07338742911815643, -0.04926102235913277, -0.11397930234670639, 0.3180101215839386, 0.0898013710975647], [-0.17552143335342407, -0.12153090536594391, 0.27635863423347473, -0.13835541903972626, 0.014501864090561867, 0.15128962695598602, 0.10696478933095932, 0.06667374074459076, 0.013448420912027359, 0.2761087417602539, -0.04369838163256645, 0.12121384590864182, 0.013386931270360947, 0.17448781430721283, 0.3272235095500946, 0.04319894686341286], [0.22777386009693146, -0.2127460241317749, 0.018501872196793556, 0.053324781358242035, -0.04970787838101387, 0.10626739263534546, 0.013140292838215828, -0.03207243233919144, -0.1944844126701355, 0.030419018119573593, 0.15598659217357635, -0.09056814759969711, -0.057695191353559494, 0.14599713683128357, 0.15186133980751038, -0.017621828243136406], [-0.19911012053489685, -0.1300904005765915, -0.05390534549951553, -0.01210275012999773, -0.047048505395650864, 0.002437493298202753, 0.03138844296336174, 0.08291993290185928, 0.1787141114473343, -0.010015151463449001, -0.20916056632995605, 0.19425760209560394, 0.3088352680206299, -0.14590516686439514, 0.08169235289096832, 0.14743703603744507], [0.1626148223876953, -0.1250493824481964, -0.21287542581558228, 0.07680285722017288, 0.0733969435095787, 0.2692723870277405, -0.09170511364936829, 0.04026040434837341, -0.02963436394929886, -0.18208348751068115, 0.02650510147213936, -0.25072261691093445, -0.07717588543891907, -0.13799995183944702, 0.03416623920202255, 0.13628821074962616], [-0.1089998260140419, -0.3478620648384094, -0.34504494071006775, -0.3601505756378174, 0.30632930994033813, 0.04509120434522629, -0.0902276337146759, 0.1906801015138626, 0.4748023450374603, 0.1992630660533905, -0.20987817645072937, 0.17338375747203827, 0.2838532328605652, -0.25077077746391296, 0.021140586584806442, 0.17532435059547424], [0.12124059349298477, 0.06294669210910797, -0.30416974425315857, 0.23344194889068604, 0.05064250901341438, 0.04115481674671173, 0.2349749505519867, 0.188302680850029, -0.04650412127375603, 0.25491535663604736, 0.275942325592041, -0.13341228663921356, -0.260227233171463, 0.35797035694122314, 0.19860246777534485, -0.32491907477378845], [-0.10441138595342636, 0.06388986855745316, -0.14452867209911346, 0.16147170960903168, 0.29926496744155884, 0.19841217994689941, 0.31379565596580505, 0.14040997624397278, 0.08239475637674332, 0.3146052360534668, 0.37840428948402405, 0.08235903084278107, 0.17406968772411346, -0.006977798417210579, -0.2083265632390976, 0.107694111764431], [-0.04881756380200386, 0.3452011048793793, 0.04480379819869995, 0.11041911691427231, -0.12611651420593262, 0.19430476427078247, 0.17756392061710358, 0.19653105735778809, 0.3603472113609314, -0.13140033185482025, 0.01714307628571987, 0.042387865483760834, 0.025137383490800858, -0.2994063198566437, 0.195714071393013, -0.12628836929798126], [-0.0622144490480423, 0.10022298991680145, -0.3463534414768219, 0.36788511276245117, -0.08608239889144897, 0.06014375388622284, -0.31052300333976746, -0.053567882627248764, 0.14811857044696808, -0.1368955671787262, 0.036792971193790436, -0.26122573018074036, -0.10482176393270493, 0.36490219831466675, 0.1963896006345749, 0.24087625741958618], [0.3215307593345642, 0.1741555780172348, 0.048928141593933105, 0.09597962349653244, 0.18364118039608002, -0.09640581905841827, 0.10645854473114014, 0.21536779403686523, 0.14602670073509216, 0.23076187074184418, 0.058260951191186905, -0.09597491472959518, 0.2688348889350891, 0.08270809799432755, -0.0825590118765831, -0.16142956912517548], [-0.19168435037136078, -0.14061227440834045, -0.3258356750011444, 0.024628641083836555, 0.029842307791113853, 0.2324005663394928, -0.1408482939004898, -0.22670236229896545, 0.008746528066694736, -0.31943199038505554, -0.22570763528347015, 0.34807536005973816, 