{"voxel_size": 0.00425, "block_size": 30, "grid_width": 800, "grid_height": 800, "grid_depth": 800, "atlas_width": 2048, "atlas_height": 2048, "atlas_depth": 32, "num_slices": 8, "min_x": -1.7, "min_y": -1.7, "min_z": -1.7, "atlas_blocks_x": 64, "atlas_blocks_y": 64, "atlas_blocks_z": 1, "input_height": 800.0, "input_width": 800.0, "input_focal": 1111.1110311937682, "worldspace_T_opengl": [[-1.0, 0.0, 0.0, 0.0], [0.0, 0.0, 1.0, 0.0], [0.0, 1.0, 0.0, 0.0], [0.0, 0.0, 0.0, 1.0]], "ndc": false, "0_weights": [[0.4305647909641266, 0.08639036118984222, -0.1092902347445488, -0.10571163892745972, -0.0781523585319519, -0.1259298026561737, -0.25237300992012024, -0.05566086247563362, -0.04850776493549347, 0.17094051837921143, 0.04313616454601288, -0.1553686261177063, 0.04123209789395332, -0.005015804897993803, 0.17938785254955292, -0.09448420256376266], [-0.2885139584541321, 0.17865251004695892, -0.13820889592170715, 0.24812546372413635, -0.22305014729499817, -0.2642926275730133, -0.058532122522592545, 0.0481838583946228, 0.28440505266189575, -0.10982052981853485, -0.11607494205236435, -0.0003892849199473858, 0.058159615844488144, 0.09083373844623566, 0.008469101041555405, 0.3000558614730835], [0.14508120715618134, -0.220241978764534, 0.03909197449684143, 0.3020854890346527, -0.06884314119815826, 0.31856468319892883, 0.31633222103118896, -0.16398921608924866, -0.25710490345954895, 0.05270570144057274, -0.007553627714514732, -0.05024465173482895, -0.30453041195869446, -0.27915269136428833, -0.07822059839963913, -0.2314722090959549], [0.3750390112400055, -0.14107616245746613, 0.12632662057876587, -0.02115979790687561, -0.11440177261829376, 0.16657058894634247, 0.23309049010276794, 0.09912970662117004, 0.25953128933906555, 0.135141521692276, -0.277413010597229, -0.22495098412036896, -0.19458408653736115, 0.030058497563004494, -0.22934824228286743, 0.06067764386534691], [-0.20298680663108826, -0.3167572617530823, 0.16733689606189728, 0.515984296798706, 0.16083316504955292, -0.25818461179733276, 0.2693992257118225, 0.10631339251995087, -0.09375105053186417, 0.27397263050079346, 0.09784968197345734, -0.09782817214727402, -0.23422594368457794, -0.23520128428936005, 0.19882522523403168, -0.24548885226249695], [-0.10290487110614777, -0.18267610669136047, 0.07056393474340439, -0.36098846793174744, -0.2062949538230896, 0.06946779787540436, -0.28972989320755005, -0.2599816918373108, 0.1965770721435547, -0.519611656665802, -0.2656804323196411, -0.1674932837486267, 0.22659532725811005, 0.06124106049537659, -0.3635467290878296, -0.18418549001216888], [-0.11245796084403992, 0.16531382501125336, 0.42680439352989197, 0.12878252565860748, 0.29710450768470764, 0.11560838669538498, -0.2775656282901764, 0.01958034187555313, -0.0849519595503807, -0.23891818523406982, 0.14680953323841095, -0.16449546813964844, -0.05565391108393669, 0.020741747692227364, -0.020475903525948524, 0.21291448175907135], [0.04317299276590347, 0.0908598080277443, 0.2541247010231018, -0.10201696306467056, -0.07871431857347488, 0.3283768892288208, -0.18528416752815247, -0.09827690571546555, -0.16729147732257843, -0.10504928231239319, 0.07416704297065735, 0.2075929194688797, 0.09231354296207428, 0.16715691983699799, -0.14914731681346893, 0.02671198360621929], [-0.5085275769233704, -0.01128803938627243, 0.15607447922229767, 0.19660043716430664, 0.07085443288087845, 0.08672980219125748, -0.06244601681828499, -0.15212759375572205, -0.25291019678115845, -0.10990187525749207, -0.19113458693027496, -0.04625329747796059, 0.03690310940146446, 0.26843902468681335, -0.20223112404346466, -0.02547001652419567], [-0.07959585636854172, -0.24615579843521118, 0.07305851578712463, -0.25178050994873047, 0.21040065586566925, 0.1636027693748474, -0.2361757606267929, 0.0511578731238842, 0.12314219027757645, 0.050987374037504196, -0.10155070573091507, 0.2451525628566742, 0.17388901114463806, -0.11779406666755676, 0.2476627379655838, -0.24068723618984222], [0.16481336951255798, -0.18602615594863892, -0.13184665143489838, -0.2942572236061096, -0.10307683050632477, 0.0798850804567337, -0.1687486469745636, -0.03714946657419205, 0.054301705211400986, 0.0027003397699445486, -0.14361672103405, -0.14424942433834076, -0.04838965833187103, -0.17646877467632294, 0.30199873447418213, -0.15672974288463593], [-0.158952534198761, 0.08241034299135208, -0.11477533727884293, -0.17365869879722595, -0.15376156568527222, -0.3239491879940033, 0.06853679567575455, 0.04156593233346939, -0.21107132732868195, 0.16434554755687714, 0.046528417617082596, 0.19727060198783875, -0.005093954503536224, 0.181252121925354, 0.17832012474536896, 0.21060839295387268], [0.01038865465670824, -0.22722786664962769, 0.07312510907649994, 0.05767021328210831, 0.15987026691436768, -0.01885317452251911, -0.06794922053813934, 0.04936622828245163, -0.11912049353122711, -0.00890270434319973, -0.00042226200457662344, -0.034403905272483826, 0.2488122284412384, -0.020833978429436684, 0.12297163158655167, -0.16709326207637787], [-0.06400143355131149, 0.0021663375664502382, 0.016090061515569687, 0.1526859849691391, -0.024537624791264534, -0.06941179931163788, 0.116245336830616, 0.0008158477139659226, -0.00398815143853426, 0.006459172815084457, 0.020226337015628815, 0.034949369728565216, -0.03232878819108009, 0.020986925810575485, -0.08532808721065521, -0.01249528769403696], [0.12827837467193604, -0.1465250849723816, -0.03652243688702583, -0.027626587077975273, 0.0214455034583807, -0.08011024445295334, 0.0905626192688942, 0.1460314691066742, -0.2120957225561142, 0.07192998379468918, -0.1386996954679489, -0.07751496136188507, 0.02150016464293003, -0.10139302909374237, 0.18929429352283478, -0.11313736438751221], [0.49404099583625793, 0.3533512353897095, 0.2090822160243988, -0.1758609414100647, -0.129849374294281, 0.3053188621997833, 0.2283172756433487, 0.20656557381153107, -0.22215035557746887, 0.08814358711242676, 0.34826529026031494, 0.13159364461898804, -0.11653538793325424, 0.28972262144088745, -0.050104301422834396, -0.19652296602725983], [0.10531626641750336, -0.061702240258455276, 0.26810258626937866, -0.08304036408662796, 0.12209776788949966, -0.02876359410583973, 0.261236310005188, 0.08099208772182465, -0.24651803076267242, -0.10055264830589294, 0.21235018968582153, 0.5121064186096191, -0.2581380307674408, 0.2937157452106476, 0.3573915958404541, -0.0592147521674633], [0.1069994643330574, -0.12332707643508911, -0.3117295205593109, 0.4025258421897888, -0.04822152107954025, 0.22303959727287292, 0.0015566903166472912, 0.19498996436595917, -0.29028987884521484, 0.4318503737449646, 0.47336500883102417, 0.2027486115694046, 0.2891393005847931, -0.1514652520418167, 0.3299005627632141, -0.27449831366539], [0.09134542942047119, 0.27012717723846436, -0.35867932438850403, 0.21244943141937256, 0.20195117592811584, 0.11491961032152176, -0.20640704035758972, 0.12111259251832962, -0.39328324794769287, 0.46376878023147583, -0.041651401668787, 0.21159255504608154, 0.18811623752117157, -0.2547971308231354, 0.08193157613277435, 0.2001737803220749], [0.2576659619808197, 0.278652548789978, 0.31513017416000366, -0.2109558880329132, 0.38932597637176514, -0.14488619565963745, -0.15143586695194244, 0.25279736518859863, 0.08937086164951324, 0.24560609459877014, -0.029201054945588112, 0.030169909819960594, 0.0507369339466095, -0.29448044300079346, -0.12175178527832031, 0.25825420022010803], [0.16734424233436584, 0.43260857462882996, -0.14138942956924438, 0.10077134519815445, 0.18791469931602478, -0.21321021020412445, -0.014885655604302883, 0.1598108857870102, -0.11973219364881516, 0.3418646454811096, 0.32702088356018066, 0.48151344060897827, 0.008922538720071316, -0.08147764950990677, 0.717764139175415, 0.21266891062259674], [0.07857080549001694, -0.25466862320899963, 0.16163332760334015, 0.08798425644636154, 0.029872851446270943, -0.013117792084813118, -0.04347383603453636, -0.033009983599185944, 0.25343066453933716, -0.15073440968990326, 0.04666471853852272, 0.18271832168102264, 0.06960338354110718, 