{"voxel_size": 0.00425, "block_size": 30, "grid_width": 800, "grid_height": 800, "grid_depth": 800, "atlas_width": 2048, "atlas_height": 2048, "atlas_depth": 32, "num_slices": 8, "min_x": -1.7, "min_y": -1.7, "min_z": -1.7, "atlas_blocks_x": 64, "atlas_blocks_y": 64, "atlas_blocks_z": 1, "input_height": 800.0, "input_width": 800.0, "input_focal": 1111.1110311937682, "worldspace_T_opengl": [[-1.0, 0.0, 0.0, 0.0], [0.0, 0.0, 1.0, 0.0], [0.0, 1.0, 0.0, 0.0], [0.0, 0.0, 0.0, 1.0]], "ndc": false, "0_weights": [[-0.3667663633823395, 0.14519433677196503, -0.24222858250141144, -0.19843000173568726, -0.2513641119003296, 0.25918978452682495, -0.25290486216545105, 0.1504088044166565, -0.18715378642082214, -0.2398558259010315, -0.07084398716688156, 0.03165936470031738, -0.016887005418539047, -0.23987796902656555, -0.2257450670003891, -0.03930501639842987], [0.4076593220233917, 0.25379374623298645, 0.21808938682079315, -0.17149174213409424, -0.20723772048950195, -0.26078370213508606, -0.26495233178138733, -0.12637430429458618, -0.3500060737133026, -0.09191811829805374, -0.25204160809516907, -0.02263270504772663, -0.08743803948163986, -0.049960698932409286, -0.1539311707019806, 0.05776364728808403], [-0.029855746775865555, -0.1270124912261963, 0.1949312686920166, 0.17169325053691864, -0.3236544132232666, 0.2957163453102112, -0.15708781778812408, 0.11045470088720322, 0.33460474014282227, -0.09888824820518494, 0.035961851477622986, -0.20719929039478302, -0.10976053029298782, 0.08370322734117508, -0.26088839769363403, -0.38110408186912537], [-0.154038667678833, -0.05983743071556091, -0.22770892083644867, 0.1325758397579193, -0.2159908264875412, -0.15024948120117188, -0.2650974988937378, 0.293536514043808, 0.3347526490688324, -0.23721933364868164, -0.29004302620887756, -0.016616541892290115, 0.14181406795978546, -0.2106160670518875, -0.06512629985809326, -0.09192029386758804], [0.03382612764835358, 0.18671925365924835, -0.09641928225755692, 0.08987942337989807, 0.21613185107707977, 0.1860121339559555, 0.28332212567329407, 0.2468351274728775, 0.23519015312194824, -0.20323410630226135, -0.08521848917007446, 0.1322253942489624, -0.002211660612374544, -0.0941094309091568, -0.23587235808372498, 0.12001001089811325], [-0.12620887160301208, -0.14890798926353455, -0.30069395899772644, -0.246358722448349, 0.17018260061740875, -0.23744003474712372, 0.39457088708877563, -0.18656207621097565, -0.2141045480966568, -0.043783366680145264, 0.17374594509601593, 0.2092592865228653, 0.011063327081501484, -0.08621213585138321, -0.23742695152759552, -0.07837473601102829], [-0.371567040681839, 0.18953920900821686, -0.24926885962486267, 0.04963245242834091, -0.10324874520301819, 0.2203010469675064, 0.34335264563560486, -0.10175568610429764, 0.08226817846298218, -0.12744812667369843, -0.09660549461841583, 0.2736992835998535, 0.042386770248413086, 0.16947326064109802, 0.05039704963564873, -0.060911037027835846], [-0.21814048290252686, -0.2372959703207016, -0.05919045954942703, -0.17258810997009277, -0.1123325377702713, 0.10597976297140121, -0.21518583595752716, -0.03739456087350845, 0.17948846518993378, 0.1069302186369896, 0.2970368266105652, -0.23772664368152618, 0.1485857218503952, 0.22797974944114685, -0.2524837553501129, -0.13692228496074677], [0.18383046984672546, 0.20256106555461884, -0.24903428554534912, 0.012468226253986359, -0.23214974999427795, -0.17173495888710022, -6.686137930955738e-05, -0.06784142553806305, 0.3514173924922943, 0.07193135470151901, -0.29477158188819885, 0.24524261057376862, 0.07598529011011124, -0.1092996895313263, 0.017566435039043427, 0.00921125803142786], [-0.11216680705547333, 0.13491743803024292, -0.30095168948173523, -0.08345519751310349, -0.060014016926288605, -0.15727169811725616, 0.03479539602994919, 0.23671011626720428, 0.0842861533164978, 0.2014344483613968, 0.02256820909678936, 0.04852696508169174, 0.05788226053118706, 0.09677007049322128, -0.038949452340602875, 0.14962275326251984], [0.05211597681045532, 0.06211462244391441, -0.35817667841911316, -0.12507224082946777, 0.11390665173530579, -0.13147422671318054, 0.02830919809639454, -0.015470384620130062, -0.1667834371328354, -0.146327406167984, 0.03457021340727806, 0.010056914761662483, -0.05634014680981636, -0.0008447954314760864, 0.2545216679573059, 0.012643946334719658], [-0.12394646555185318, -0.07612127810716629, 0.344373494386673, -0.0899188369512558, 0.0213194377720356, 0.22342225909233093, 0.2741229832172394, 0.08770518004894257, 0.0579066202044487, 0.30576905608177185, -0.07933775335550308, 0.05323965847492218, 0.1900118738412857, 0.12984643876552582, 0.2461777627468109, 0.07629041373729706], [0.054923899471759796, 0.014440027996897697, 0.04884721338748932, 0.12546251714229584, 0.07145623117685318, 0.10406284034252167, 0.03520289808511734, -0.06972066313028336, -0.16875499486923218, 0.16753250360488892, 0.1192702203989029, -0.10205817967653275, -0.06403692066669464, 0.08969743549823761, 0.07947057485580444, -0.009620113298296928], [-0.048126544803380966, -0.1354832500219345, 0.10329016298055649, -0.09326213598251343, -0.07223758846521378, 0.12156186997890472, 0.09701956808567047, 0.08699468523263931, 0.238962784409523, 0.03167089819908142, -0.17630095779895782, 0.2196892350912094, 0.19885769486427307, -0.1670665591955185, 0.07934533804655075, 0.06104720011353493], [0.020195230841636658, -0.07397535443305969, -0.0991182029247284, 0.06864847987890244, -0.0780799612402916, 0.2533000409603119, -0.15268398821353912, 0.0811489000916481, -0.17356713116168976, -0.14224877953529358, -0.21699565649032593, -0.19030871987342834, -0.1480075716972351, -0.13752655684947968, -0.0230405293405056, 0.13839483261108398], [-0.05183244124054909, -0.28854531049728394, -0.34585854411125183, -0.3853331208229065, 0.17582882940769196, 0.025915568694472313, -0.1609155386686325, 0.17728884518146515, 0.26792192459106445, 0.051644064486026764, -0.30164825916290283, 0.20627379417419434, 0.18654821813106537, -0.27394184470176697, -0.06074575334787369, 0.21112264692783356], [0.15926174819469452, 0.15563133358955383, -0.32882410287857056, 0.19223469495773315, -0.03735728934407234, 0.055922821164131165, 0.14012418687343597, 0.17015090584754944, -0.259630024433136, 0.09632383286952972, 0.18976272642612457, -0.07615187019109726, -0.3755263686180115, 0.31553757190704346, 0.09501628577709198, -0.27895107865333557], [-0.06643887609243393, 0.119313083589077, -0.190390944480896, 0.124948650598526, 0.1638072431087494, 0.1843251734972, 0.2218106985092163, 0.11379992216825485, -0.13987788558006287, 0.1497555524110794, 0.2957659363746643, 0.12875603139400482, 0.03780550882220268, -0.02739568054676056, -0.3116058111190796, 0.14794772863388062], [0.07654083520174026, 0.3352760970592499, 0.2659188508987427, 0.1776716411113739, -0.29841911792755127, 0.13871927559375763, 0.17894093692302704, 0.22607570886611938, 0.22568069398403168, -0.1372397094964981, -0.08412601053714752, 0.03071078285574913, 0.024652717635035515, -0.3176060914993286, 0.15837571024894714, -0.12486226856708527], [-0.0528356172144413, 0.2682662010192871, -0.3702186346054077, 0.3274332582950592, -0.06526604294776917, 0.14458289742469788, -0.3987082540988922, -0.05637165531516075, -0.030075013637542725, -0.2851080298423767, -0.03472978249192238, -0.2069242298603058, -0.13678380846977234, 0.2864283323287964, 0.09988756477832794, 0.2999598979949951], [0.3089154362678528, 0.17615680396556854, -0.06120786815881729, 0.06193653121590614, 0.008093997836112976, -0.1204487532377243, 0.04050258547067642, 0.21110299229621887, -0.019766230136156082, 0.06977122277021408, 0.010436389595270157, -0.056752558797597885, 0.11056378483772278, 0.10605615377426147, -0.13439853489398956, -0.13530904054641724], [-0.15728650987148285, -0.14369305968284607, -0.19720502197742462, 0.010642501525580883, -0.027680708095431328, 0.1809912621974945, 0.08311150968074799, -0.12815333902835846, 0.01810881495475769, -0.23667901754379272, -0.22195196151733398, 0.2643260657787323, 0.03946099430322647, 