{"voxel_size": 0.00425, "block_size": 30, "grid_width": 800, "grid_height": 800, "grid_depth": 800, "atlas_width": 2048, "atlas_height": 2048, "atlas_depth": 32, "num_slices": 8, "min_x": -1.7, "min_y": -1.7, "min_z": -1.7, "atlas_blocks_x": 64, "atlas_blocks_y": 64, "atlas_blocks_z": 1, "input_height": 800.0, "input_width": 800.0, "input_focal": 1111.1110311937682, "worldspace_T_opengl": [[-1.0, 0.0, 0.0, 0.0], [0.0, 0.0, 1.0, 0.0], [0.0, 1.0, 0.0, 0.0], [0.0, 0.0, 0.0, 1.0]], "ndc": false, "0_weights": [[-0.3499401807785034, 0.1754240244626999, -0.36489492654800415, -0.17684121429920197, -0.26149216294288635, 0.2167651653289795, -0.18208810687065125, 0.10180658847093582, -0.16324743628501892, -0.20187503099441528, -0.03535782918334007, -0.16482241451740265, -0.05311404541134834, -0.25875070691108704, -0.1464477777481079, -0.09014026820659637], [0.20245729386806488, 0.2789357006549835, 0.20965422689914703, -0.25138071179389954, -0.17490200698375702, -0.22756583988666534, -0.31512466073036194, -0.06047675758600235, -0.342635840177536, -0.16752922534942627, -0.2688661515712738, -0.05454852059483528, -0.10812819749116898, -0.020608549937605858, -0.10920316725969315, 0.13892512023448944], [0.04152769222855568, 0.00567458663135767, 0.24652183055877686, 0.1538265496492386, -0.25462692975997925, 0.27014899253845215, -0.2522311806678772, 0.06768641620874405, 0.287371426820755, -0.19817304611206055, -0.01896282099187374, -0.16089721024036407, -0.18863756954669952, 0.01881379447877407, -0.24505768716335297, -0.3275851905345917], [-0.133958637714386, -0.025863967835903168, -0.3452513515949249, 0.1531675159931183, -0.2242175042629242, -0.19387207925319672, -0.20275217294692993, 0.24396133422851562, 0.3510330021381378, -0.20288781821727753, -0.25400593876838684, -0.19975972175598145, 0.10355926305055618, -0.23638470470905304, 0.010805095545947552, -0.1351393312215805], [-0.16882945597171783, 0.21947288513183594, -0.09972529858350754, 0.011124609969556332, 0.2528012692928314, 0.22465725243091583, 0.2330743670463562, 0.3159608840942383, 0.23929452896118164, -0.2817472815513611, -0.09815064817667007, 0.10140395164489746, -0.025887982919812202, -0.06718025356531143, -0.18344780802726746, 0.20417435467243195], [-0.05881202220916748, -0.023525983095169067, -0.25853604078292847, -0.26636430621147156, 0.23634040355682373, -0.26298272609710693, 0.2991131544113159, -0.23042766749858856, -0.26319724321365356, -0.13984930515289307, 0.11829251796007156, 0.25914278626441956, -0.06408309936523438, -0.15118712186813354, -0.21537190675735474, -0.02783682942390442], [-0.33831819891929626, 0.23579545319080353, -0.34750089049339294, 0.06627409905195236, -0.1040961742401123, 0.17336849868297577, 0.3787532150745392, -0.15580153465270996, 0.07029697299003601, -0.10727071762084961, -0.05681973695755005, 0.13792897760868073, -0.0004856048326473683, 0.12077777832746506, 0.11653030663728714, -0.077702097594738], [-0.4127829670906067, -0.1825319528579712, -0.04477273300290108, -0.24326659739017487, -0.06324109435081482, 0.1621643304824829, -0.26084575057029724, 0.04352521896362305, 0.1742650270462036, 0.0205672699958086, 0.2979734539985657, -0.2620896100997925, 0.11385320872068405, 0.24548931419849396, -0.1771451085805893, -0.04334839805960655], [0.23807662725448608, 0.3044937551021576, -0.2356119304895401, -0.014994917437434196, -0.17507220804691315, -0.1977052241563797, -0.10344433039426804, -0.11391927301883698, 0.29411861300468445, -0.013113207183778286, -0.3524211645126343, 0.30726444721221924, 0.016854820773005486, -0.17240069806575775, 0.06443244218826294, 0.047971293330192566], [0.09611384570598602, 0.1877918690443039, -0.1428685337305069, -0.01807892508804798, -0.03642341494560242, -0.2058965116739273, -0.09462662041187286, 0.1490345299243927, -0.08536628633737564, 0.15243563055992126, 0.07632315903902054, 0.1776765137910843, 0.014482867904007435, -0.010611126199364662, -0.010675093159079552, 0.25911638140678406], [-0.10597307235002518, 0.13963289558887482, -0.25928977131843567, -0.02577236294746399, 0.18430683016777039, -0.04248571768403053, -0.01127927377820015, 0.13970758020877838, -0.22045397758483887, -0.23916348814964294, 0.10147449374198914, 0.09055329859256744, -0.07681752741336823, -0.0167278740555048, 0.3653739094734192, 0.1284986436367035], [-0.13661660254001617, -0.09741219133138657, 0.24423161149024963, -0.14236168563365936, 0.043485548347234726, 0.21925188601016998, 0.1931065022945404, 0.14409077167510986, 6.508507067337632e-05, 0.28014418482780457, -0.1157926395535469, 0.1562158167362213, 0.1947409212589264, 0.13691668212413788, 0.371446430683136, 0.0354098416864872], [0.051506295800209045, -0.09234091639518738, 0.06927994638681412, 0.028032321482896805, 0.0471985749900341, 0.13042162358760834, -0.013995014131069183, -0.24074724316596985, -0.07021983712911606, 0.16650861501693726, 0.13965560495853424, -0.20044569671154022, -0.0865350216627121, 0.2533063590526581, 0.04694140702486038, -0.0036907487083226442], [-0.28728243708610535, -0.20381702482700348, 0.009764769114553928, 0.09498786181211472, -0.24000763893127441, -0.03575052693486214, 0.0916929841041565, 0.15335515141487122, 0.22574478387832642, 0.059248194098472595, -0.1861800104379654, 0.25396066904067993, 0.2772162854671478, -0.2608705163002014, -0.08276521414518356, 0.15358072519302368], [0.16609713435173035, -0.058705300092697144, -0.05349947139620781, 0.045156434178352356, 0.034524764865636826, 0.1773240566253662, -0.19593076407909393, 0.18333907425403595, 0.006214494351297617, -0.2371799349784851, 0.022486424073576927, -0.19105449318885803, -0.09802710264921188, -0.195525661110878, -0.060505300760269165, 0.2051071971654892], [-0.16001766920089722, -0.3273937404155731, -0.33378446102142334, -0.36949291825294495, 0.1533726304769516, 0.07687690854072571, -0.05229444429278374, 0.26045653223991394, 0.3942731022834778, 0.23651234805583954, -0.21750958263874054, 0.20286044478416443, 0.22453860938549042, -0.1809966266155243, -0.0501035638153553, 0.1633392572402954], [0.08239314705133438, 0.10967759788036346, -0.2861799895763397, 0.23419798910617828, -0.07099227607250214, 0.09173990041017532, 0.28317761421203613, 0.23596417903900146, -0.1269652247428894, 0.2874724566936493, 0.26650890707969666, -0.09557817131280899, -0.3457138240337372, 0.41958656907081604, 0.1074962392449379, -0.33688902854919434], [-0.1520918607711792, 0.10772471874952316, -0.13351210951805115, 0.15890216827392578, 0.1507997363805771, 0.2377966195344925, 0.35836970806121826, 0.18750326335430145, 0.010684452019631863, 0.34917140007019043, 0.3829639256000519, 0.11782673001289368, 0.06182144209742546, 0.07417318224906921, -0.2947560250759125, 0.10949423909187317], [-0.15568897128105164, 0.2619563639163971, 0.07526983320713043, 0.12747088074684143, -0.29615816473960876, 0.20372751355171204, 0.20185613632202148, 0.3277960419654846, 0.2736515998840332, -0.10729870200157166, -0.008815272711217403, 0.04860103130340576, 0.08568126708269119, -0.2502491772174835, 0.16738545894622803, -0.16486425697803497], [-0.08243826031684875, 0.17426086962223053, -0.32585522532463074, 0.37759679555892944, -0.13054676353931427, 0.14960351586341858, -0.2546139657497406, -0.047536227852106094, 0.06970955431461334, -0.10907794535160065, 0.008047038689255714, -0.2541547119617462, -0.13450244069099426, 0.378265380859375, 0.12301671504974365, 0.21060913801193237], [0.24497556686401367, 0.237041637301445, 0.05364075303077698, 0.09645149856805801, 0.04837029427289963, -0.09673517942428589, 0.15168099105358124, 0.19213446974754333, 0.13726221024990082, 0.261794775724411, 0.08553408831357956, -0.06642942130565643, 0.10795753449201584, 0.18315389752388, -0.10022606700658798, -0.12717817723751068], [-0.1774817705154419, -0.24255874752998352, -0.3677201271057129, 0.09366058558225632, -0.04166020452976227, 0.26490822434425354, -0.000467860751086846, -0.04443548619747162, -0.018219731748104095, -0.38776692748069763, -0.23012034595012665, 0.30601993203163147, 0.17121586203575134, 