{"voxel_size": 0.011333333333333332, "block_size": 30, "grid_width": 300, "grid_height": 300, "grid_depth": 300, "atlas_width": 2048, "atlas_height": 2048, "atlas_depth": 32, "num_slices": 8, "min_x": -1.7, "min_y": -1.7, "min_z": -1.7, "atlas_blocks_x": 64, "atlas_blocks_y": 64, "atlas_blocks_z": 1, "input_height": 800.0, "input_width": 800.0, "input_focal": 1492.820323027551, "worldspace_T_opengl": [[-1.0, 0.0, 0.0, 0.0], [0.0, 0.0, 1.0, 0.0], [0.0, 1.0, 0.0, 0.0], [0.0, 0.0, 0.0, 1.0]], "ndc": false, "0_weights": [[0.20956386625766754, 0.09221667051315308, -0.302068829536438, 0.022572627291083336, -0.3026805520057678, -0.16565872728824615, -0.17419014871120453, 0.009753366932272911, -0.06477108597755432, 0.14642426371574402, 0.12111175060272217, -0.17097821831703186, 0.08908309787511826, -0.004123429302126169, 0.23009033501148224, -0.13252098858356476], [-0.27458348870277405, 0.2397405356168747, -0.07904615253210068, 0.13330145180225372, -0.27901509404182434, -0.2583220303058624, -0.03774688020348549, 0.015404026955366135, 0.24887098371982574, -0.157949298620224, -0.01608201302587986, -0.09296263009309769, 0.05943162366747856, 0.06886418908834457, 0.0884905681014061, 0.27916646003723145], [0.30786260962486267, -0.11001896858215332, -0.07047969847917557, 0.2984636425971985, -0.06327524781227112, 0.17529012262821198, 0.300432026386261, -0.15206284821033478, -0.2706080377101898, 0.2583768665790558, 0.02215443179011345, 0.07188403606414795, -0.243546262383461, -0.3403289318084717, 0.07658983021974564, -0.12544035911560059], [0.17604997754096985, -0.13743746280670166, -0.05939389392733574, 0.11192462593317032, -0.3356057405471802, 0.12522126734256744, 0.3191910684108734, 0.16562257707118988, 0.24463389813899994, 0.11618027091026306, -0.20654572546482086, -0.24496865272521973, -0.13162726163864136, 0.035966504365205765, -0.19882184267044067, 0.029097601771354675], [-0.20288708806037903, -0.2659395635128021, 0.22827500104904175, 0.41850417852401733, 0.11455821990966797, -0.2549527883529663, 0.2986393868923187, 0.0687144473195076, -0.12438590079545975, 0.22965942323207855, 0.1734575629234314, -0.19237293303012848, -0.23060815036296844, -0.24288147687911987, 0.2612191438674927, -0.2634733021259308], [0.07713599503040314, -0.080561064183712, -0.03262669965624809, -0.36355841159820557, -0.19330266118049622, -0.05874195322394371, -0.3000134527683258, -0.21433719992637634, 0.1860533356666565, -0.32623839378356934, -0.23251929879188538, -0.06255628913640976, 0.2662060856819153, -0.0020507194567471743, -0.21697889268398285, -0.08152136951684952], [-0.23990154266357422, 0.16535302996635437, 0.2602565288543701, 0.2771620452404022, 0.09183478355407715, 0.06712736189365387, -0.16458725929260254, 0.08050264418125153, -0.0954291820526123, -0.24161307513713837, 0.19545839726924896, -0.19764849543571472, 0.04389971122145653, 0.04083563759922981, -0.05577830225229263, 0.20430201292037964], [-0.010615569539368153, 0.11014190316200256, 0.3226279318332672, -0.1402984857559204, -0.08751086890697479, 0.32032760977745056, -0.13078707456588745, -0.15750257670879364, -0.1791156381368637, -0.13289585709571838, 0.06568627059459686, 0.10642940551042557, 0.10306677222251892, 0.20230714976787567, -0.14419135451316833, 0.016593214124441147], [-0.2854996919631958, 0.06269640475511551, 0.08170571178197861, 0.19769437611103058, 0.1105743795633316, 0.012097116559743881, -0.0552353672683239, -0.01040871161967516, -0.25616535544395447, 0.03628362715244293, -0.13730968534946442, -0.0004972829483449459, 0.013109173625707626, 0.19719550013542175, -0.08716099709272385, 0.06008666008710861], [0.018544156104326248, -0.17241455614566803, -0.05558725818991661, -0.2898115813732147, 0.3103428781032562, 0.05689062550663948, -0.03574484959244728, 0.12577521800994873, 0.11983548104763031, 0.059681616723537445, -0.12545323371887207, 0.26893749833106995, -0.01018267497420311, -0.11577349901199341, 0.030077865347266197, -0.13995178043842316], [0.07959214597940445, -0.19480404257774353, -0.04830124229192734, -0.08410061150789261, 0.12113004922866821, -0.013813987374305725, -0.07303395867347717, -0.09896574914455414, 0.23844319581985474, 0.07438687980175018, -0.35079944133758545, -0.21721085906028748, -0.02300201542675495, -0.07567190378904343, 0.1594272255897522, -0.15391495823860168], [0.055667195469141006, 0.013946608640253544, -0.0243416428565979, -0.15281863510608673, 0.00585818849503994, -0.12488751858472824, 0.09477460384368896, 0.2590564489364624, -0.2042459398508072, 0.0415165051817894, 0.3140435516834259, 0.04367770999670029, -0.03413501754403114, 0.08079460263252258, 0.06086324155330658, 0.04368924722075462], [0.006582879927009344, -0.05086821690201759, -0.012740000151097775, 0.2136184573173523, -0.11810186505317688, 0.011834416538476944, -0.0020581684075295925, 0.044258274137973785, 0.13066057860851288, 0.02973569929599762, -0.0015457412227988243, -0.011747748591005802, 0.0003735798818524927, 0.002656371332705021, -0.02138497866690159, -0.02908475510776043], [0.06562575697898865, 0.05665377900004387, -0.07760956138372421, -0.010599152185022831, 0.035129304975271225, 6.128240056568757e-05, 0.022106798365712166, -0.10435541719198227, -0.1946740746498108, -0.006806095130741596, 0.20871971547603607, 0.030804840847849846, 0.004495636560022831, 0.0007950268336571753, -0.023236917331814766, 0.07606188952922821], [-0.003976559266448021, -0.01254211738705635, 0.0007186700240708888, -0.01635274849832058, -0.009267928078770638, -0.01301145926117897, 0.02671375311911106, 0.1612670123577118, -0.15232038497924805, 0.034543294459581375, -0.03779872879385948, 0.015258188359439373, -0.0056250253692269325, 0.030156632885336876, -0.026609409600496292, 0.004735745023936033], [0.47337138652801514, 0.38318127393722534, 0.41808152198791504, -0.25378361344337463, -0.26945382356643677, 0.29196515679359436, 0.24247585237026215, -0.20213142037391663, -0.19360442459583282, 0.19237729907035828, 0.1912427693605423, -0.05496138334274292, -0.006990332156419754, 0.30741578340530396, -0.3147280514240265, -0.14142189919948578], [0.023098668083548546, -0.05448053404688835, 0.4368093013763428, -0.1349749118089676, -0.0009162900969386101, -0.004136327654123306, 0.2936083674430847, -0.26735424995422363, -0.23096543550491333, 0.009314636699855328, 0.04003044217824936, 0.3347354531288147, -0.11009396612644196, 0.3377407193183899, 0.043634213507175446, -0.02989998087286949], [0.02850595861673355, -0.1357852667570114, -0.0819137915968895, 0.27987006306648254, -0.2320133000612259, 0.22763025760650635, -0.018467960879206657, -0.2440773844718933, -0.2627352476119995, 0.5028771162033081, 0.2838824689388275, 0.014685784466564655, 0.41290798783302307, -0.1574997901916504, 0.02423950657248497, -0.24942326545715332], [0.18951033055782318, 0.3668406009674072, -0.19671253859996796, 0.15496285259723663, 0.10106682032346725, 0.0453270748257637, -0.18564772605895996, -0.05431019887328148, -0.34756696224212646, 0.5993338227272034, -0.1320200115442276, 0.05874257534742355, 0.19056567549705505, -0.24490347504615784, -0.03518126159906387, 0.29583150148391724], [0.14873769879341125, 0.27169153094291687, 0.34986943006515503, -0.17687606811523438, 0.4217963218688965, -0.06691142171621323, -0.03500654175877571, 0.10050704330205917, 0.0003392865473870188, 0.3750903606414795, -0.16835033893585205, -0.07874035835266113, 0.2600700557231903, -0.18703514337539673, -0.4307247996330261, 0.26887208223342896], [0.030750012025237083, 0.34405601024627686, 0.20439329743385315, -0.13414247334003448, -0.10940386354923248, -0.19391368329524994, -0.11975131928920746, -0.31259819865226746, -0.07966681569814682, 0.3140016198158264, 0.12981505692005157, 0.29028236865997314, 0.07171022891998291, -0.16073085367679596, 0.44463875889778137, 0.2035726010799408], [-0.13793206214904785, -0.1897394359111786, 0.06876333802938461, 0.15932409465312958, 0.16959457099437714, -0.056223224848508835, -0.037802886217832565, 0.30500611662864685, 0.438214510679245, -0.11701125651597977, 