{"voxel_size": 0.005666666666666666, "block_size": 30, "grid_width": 600, "grid_height": 600, "grid_depth": 600, "atlas_width": 2048, "atlas_height": 2048, "atlas_depth": 64, "num_slices": 16, "min_x": -1.7, "min_y": -1.7, "min_z": -1.7, "atlas_blocks_x": 64, "atlas_blocks_y": 64, "atlas_blocks_z": 2, "input_height": 800.0, "input_width": 800.0, "input_focal": 1492.820323027551, "worldspace_T_opengl": [[-1.0, 0.0, 0.0, 0.0], [0.0, 0.0, 1.0, 0.0], [0.0, 1.0, 0.0, 0.0], [0.0, 0.0, 0.0, 1.0]], "ndc": false, "0_weights": [[0.1748799979686737, 0.05234558880329132, -0.2707024812698364, 0.049931615591049194, -0.10069553554058075, -0.18082737922668457, -0.17576082050800323, 0.12331568449735641, -0.10492295771837234, 0.15325938165187836, 0.06252816319465637, -0.1533183455467224, 0.11318984627723694, -0.014808072708547115, 0.21842940151691437, -0.17105412483215332], [-0.1318708211183548, 0.19115471839904785, -0.186432346701622, -0.07125279307365417, -0.26221978664398193, -0.24451018869876862, -0.042617376893758774, 0.12745484709739685, 0.2842951714992523, -0.1683272421360016, -0.12103890627622604, 0.07780175656080246, -0.020188074558973312, 0.10036079585552216, -0.002696769777685404, 0.2636963427066803], [0.32041093707084656, -0.20597940683364868, -0.09766095131635666, 0.2555260956287384, 0.12160567939281464, 0.20644611120224, 0.3514169156551361, -0.181264728307724, -0.32452091574668884, 0.27598512172698975, 0.18255150318145752, 0.09751664102077484, -0.3371299207210541, -0.3312534689903259, 0.1282159388065338, -0.13543540239334106], [0.14549365639686584, -0.17121002078056335, -0.034427475184202194, 0.13650186359882355, -0.13092166185379028, 0.10708236694335938, 0.32941561937332153, 0.2699580192565918, 0.20410500466823578, 0.12496473640203476, -0.26606717705726624, -0.22225962579250336, -0.12107452005147934, 0.021013174206018448, -0.2010483294725418, -0.006111302878707647], [-0.05502541363239288, -0.30060875415802, 0.11758709698915482, 0.24655979871749878, 0.12951748073101044, -0.25345855951309204, 0.2962176501750946, 0.18023781478405, -0.09245038032531738, 0.23005156219005585, 0.0834173634648323, -0.014045295305550098, -0.3014928996562958, -0.23179228603839874, 0.1798289716243744, -0.27161648869514465], [0.08525589108467102, -0.16808323562145233, -0.05461439490318298, -0.404020756483078, -0.02100555971264839, -0.043514564633369446, -0.25295373797416687, -0.2453659176826477, 0.12921303510665894, -0.3099365234375, -0.08369533717632294, -0.04211098328232765, 0.19561734795570374, 0.0009574176510795951, -0.15563617646694183, -0.09148688614368439], [-0.2534565031528473, 0.15137392282485962, 0.2629365921020508, 0.2873774468898773, 0.30574288964271545, 0.04198112338781357, -0.11915257573127747, 0.16242468357086182, -0.13834239542484283, -0.22808818519115448, 0.13600312173366547, -0.1581304371356964, 0.01745886355638504, 0.015698833391070366, -0.023255476728081703, 0.18077492713928223], [0.15537206828594208, 0.12085489928722382, 0.20230767130851746, -0.21470622718334198, -0.08032049983739853, 0.2869475781917572, -0.1256781369447708, -0.05314527451992035, -0.16186393797397614, -0.1024773046374321, 0.037563372403383255, 0.3025148808956146, 0.058813758194446564, 0.15405194461345673, -0.1940683275461197, 0.03326428309082985], [-0.2939087152481079, 0.00513972295448184, 0.07739749550819397, 0.1672469526529312, 0.23826457560062408, -0.020554326474666595, -0.02139068767428398, -0.04610208421945572, -0.3190835118293762, 0.041999731212854385, -0.03567718714475632, 0.003979840781539679, 0.014752420596778393, 0.183982715010643, 0.007718283217400312, 0.050986625254154205], [0.04388919845223427, -0.13032041490077972, -0.07152098417282104, -0.2915838658809662, 0.37833845615386963, 0.06230282038450241, 0.011008799076080322, -0.042266640812158585, 0.07317224144935608, 0.05331128090620041, -0.04471917077898979, 0.2778643071651459, 0.06236450746655464, -0.07383134216070175, 0.19182506203651428, -0.07926604896783829], [-0.03891649469733238, -0.07914853096008301, -0.13517796993255615, 0.16240930557250977, 0.13169635832309723, 0.017487766221165657, -0.040745873004198074, -0.09984616935253143, 0.08151355385780334, 0.05930359661579132, -0.04221112281084061, -0.23943695425987244, 0.04532543942332268, -0.09736203402280807, 0.13127925992012024, -0.033012423664331436], [0.05597314238548279, 0.1240411028265953, -0.010711046867072582, -0.060204941779375076, -0.03842248395085335, -0.17563217878341675, 0.08454921096563339, 0.15070942044258118, -0.26306217908859253, 0.016452079638838768, 0.04339035972952843, 0.017124075442552567, 0.019420623779296875, 0.11814028769731522, 0.20420722663402557, 0.05785103887319565], [-0.01699778437614441, -0.04689187556505203, 0.049261026084423065, 0.08236649632453918, 0.19480672478675842, 0.02175571583211422, 0.008327532559633255, -0.03987063467502594, 0.05035346746444702, -0.010106937028467655, 0.004580121487379074, -0.042450498789548874, 0.006179196760058403, -0.0070607541128993034, -0.006915639620274305, -0.01018494926393032], [0.002853951184079051, 0.011380198411643505, 0.020327912643551826, -0.0089254854246974, 0.14776089787483215, -0.00853584986180067, 6.89420776325278e-05, -0.317940354347229, -0.0274702999740839, -0.005837856791913509, 0.0007589090964756906, 0.06139029935002327, 0.02963915280997753, 0.013749872334301472, 0.03150093927979469, 0.007853155955672264], [-0.01870695687830448, -0.0021947608329355717, -0.03171601518988609, 0.004822034388780594, 0.10153719037771225, -0.007102650124579668, -0.007224602624773979, 0.10727723687887192, -0.031336601823568344, 0.021289363503456116, 9.086783393286169e-05, -0.0022208476439118385, -0.0027931900694966316, 0.014455712400376797, 0.11864733695983887, -0.015963926911354065], [0.3935319185256958, 0.2880949079990387, 0.3448403775691986, -0.14692454040050507, -0.3666272759437561, 0.2788499593734741, 0.33090078830718994, -0.16245874762535095, -0.1461782455444336, 0.15779338777065277, 0.33085501194000244, -0.0735945776104927, -0.0660400465130806, 0.31324201822280884, -0.4372216761112213, -0.18207751214504242], [0.016986200585961342, -0.09225127846002579, 0.3826330602169037, -0.05756796523928642, -0.12850594520568848, 0.007350362371653318, 0.40085679292678833, -0.20386072993278503, -0.17248710989952087, -0.034602101892232895, 0.2066066861152649, 0.33356356620788574, -0.18034358322620392, 0.34447190165519714, -0.03424258157610893, -0.05701310187578201], [0.028014853596687317, -0.1889159381389618, -0.1439717710018158, 0.40701910853385925, -0.3341841697692871, 0.2673608064651489, 0.11969911307096481, -0.17012910544872284, -0.21534642577171326, 0.47583168745040894, 0.3578885793685913, -0.004803033545613289, 0.31836003065109253, -0.12136292457580566, -0.14258378744125366, -0.25773459672927856], [0.03770716115832329, 0.192372664809227, -0.2797795832157135, 0.2484588325023651, 0.09925076365470886, -0.030497368425130844, -0.18342559039592743, -0.1472548544406891, -0.3118076026439667, 0.5704677104949951, 0.009853759780526161, -0.007776232436299324, 0.1437046080827713, -0.26882055401802063, -0.1175115779042244, 0.22227954864501953], [0.2389729917049408, 0.3230171501636505, 0.318596750497818, -0.2077055722475052, 0.31550875306129456, -0.06506035476922989, 0.028237538412213326, 0.19236572086811066, 0.018204951658844948, 0.3236563503742218, 0.05572672188282013, -0.011949213221669197, 0.2553257942199707, -0.20572276413440704, -0.3660382330417633, 0.23957306146621704], [0.08215799182653427, 0.34149882197380066, 0.14036448299884796, 0.10605019330978394, -0.14654172956943512, -0.08623581379652023, 0.05686325207352638, -0.20393545925617218, -0.04248219355940819, 0.2695958912372589, 0.035676151514053345, 0.2515058219432831, -0.046121057122945786, -0.07832683622837067, 0.24192902445793152, 0.26122498512268066], [0.011326322332024574, -0.22058545053005219, 0.12889067828655243, 0.019243033602833748, 0.21633882820606232, 0.03363198786973953, 0.02075847052037716, 0.12161916494369507, 0.40340694785118103, -0.07449669390916824, 