{"voxel_size": 0.005666666666666666, "block_size": 30, "grid_width": 600, "grid_height": 600, "grid_depth": 600, "atlas_width": 2048, "atlas_height": 2048, "atlas_depth": 64, "num_slices": 16, "min_x": -1.7, "min_y": -1.7, "min_z": -1.7, "atlas_blocks_x": 64, "atlas_blocks_y": 64, "atlas_blocks_z": 2, "input_height": 800.0, "input_width": 800.0, "input_focal": 1492.820323027551, "worldspace_T_opengl": [[-1.0, 0.0, 0.0, 0.0], [0.0, 0.0, 1.0, 0.0], [0.0, 1.0, 0.0, 0.0], [0.0, 0.0, 0.0, 1.0]], "ndc": false, "0_weights": [[0.2969758212566376, 0.11555619537830353, -0.25736507773399353, 1.532196438347455e-05, -0.23389120399951935, -0.11042776703834534, -0.1773272156715393, -0.0731000080704689, -0.10768512636423111, 0.17742738127708435, 0.07585038244724274, -0.1451202630996704, -0.02873953804373741, -0.0879342183470726, 0.26394644379615784, -0.07483997941017151], [-0.17724204063415527, 0.2651474177837372, -0.2139616310596466, 0.09605645388364792, -0.2419310212135315, -0.326073557138443, -0.07584711164236069, 0.04200492799282074, 0.21703092753887177, -0.11065934598445892, -0.12818503379821777, -0.01555681973695755, 0.07483191788196564, 0.13726994395256042, -0.010297988541424274, 0.2980121672153473], [0.33157891035079956, -0.06538821011781693, -0.03175948187708855, 0.46522507071495056, -0.06463443487882614, 0.21852271258831024, 0.31156036257743835, -0.0036941301077604294, -0.2982359826564789, 0.24435372650623322, 0.18002572655677795, 0.06162532791495323, -0.1633942425251007, -0.38728001713752747, 0.05110820010304451, -0.18303123116493225], [0.23619724810123444, -0.11810621619224548, -0.022053025662899017, 0.08594710379838943, -0.2748437225818634, 0.19235126674175262, 0.32749995589256287, 0.07733084261417389, 0.20434129238128662, 0.14212365448474884, -0.2533127963542938, -0.23091305792331696, -0.27219533920288086, -0.04252193868160248, -0.15066438913345337, 0.08556455373764038], [-0.11659153550863266, -0.24417604506015778, 0.0901094377040863, 0.38163936138153076, 0.15504209697246552, -0.3075242042541504, 0.2714710533618927, 0.10068056732416153, -0.15785819292068481, 0.27459076046943665, 0.07647562772035599, -0.10949517041444778, -0.21639680862426758, -0.18218713998794556, 0.17074424028396606, -0.23477685451507568], [0.09183357656002045, -0.04136521741747856, 0.0005716099985875189, -0.20038488507270813, -0.2049565315246582, -0.021886495873332024, -0.2905031740665436, -0.08176153898239136, 0.16320273280143738, -0.3407500088214874, -0.08606129884719849, -0.06635309755802155, 0.3650336265563965, -0.04222263768315315, -0.2431008219718933, -0.13421550393104553], [-0.27085375785827637, 0.17049235105514526, 0.2745547890663147, 0.23516276478767395, 0.12175644934177399, 0.17122723162174225, -0.12250225991010666, -0.01697801798582077, -0.12459428608417511, -0.23518557846546173, 0.15016040205955505, -0.22544613480567932, -0.16290588676929474, -0.023121288046240807, 0.04016527533531189, 0.2536705732345581], [0.03212004154920578, 0.12257202714681625, 0.17543980479240417, -0.1759270429611206, -0.038673389703035355, 0.314615935087204, -0.12342239916324615, -0.10487385094165802, -0.2211773842573166, -0.09780125319957733, 0.03292221203446388, 0.20483733713626862, 0.11753159761428833, 0.23454782366752625, -0.20768824219703674, 0.07544048875570297], [-0.29894593358039856, 0.08412281423807144, 0.09683655202388763, 0.3446449041366577, 0.06582968682050705, 0.023727456107735634, -0.051495954394340515, 0.06685405224561691, -0.2593769431114197, 0.01902814954519272, -0.03714709356427193, 0.012597267515957355, 0.1669614613056183, 0.18282978236675262, -0.11327879875898361, 0.02670469507575035], [-0.33157193660736084, -0.23969998955726624, -0.029788197949528694, -0.3617207109928131, 0.08295062929391861, 0.18283799290657043, 0.03420044109225273, 0.010398286394774914, 0.14067716896533966, -0.000730756379198283, -0.037999171763658524, 0.02198566496372223, -0.032645855098962784, -0.19130076467990875, 0.256548672914505, -0.20225889980793], [-0.34483152627944946, -0.1531643122434616, -0.13684706389904022, -0.09717872738838196, 0.12407578527927399, 0.05466847121715546, 0.00016790757945273072, 0.010664350353181362, 0.2293170839548111, 0.024999739602208138, -0.009656812064349651, -0.20820996165275574, 0.04532846808433533, -0.21436254680156708, 0.1493009626865387, -0.05495676025748253], [-0.04210975393652916, -0.033962588757276535, -0.0753278136253357, -0.352343887090683, -0.15271537005901337, -0.3041733205318451, 0.03612514212727547, -0.016410160809755325, -0.10838990658521652, 0.05788211524486542, 0.030369054526090622, 0.04605911672115326, 0.09262306243181229, 0.21941064298152924, 0.08027152717113495, 0.1466185599565506], [-0.30263060331344604, -0.1251300722360611, 0.05459835007786751, 0.1882394552230835, -0.03461483493447304, -0.0037960312329232693, 0.031950026750564575, 0.009525730274617672, -0.05501352995634079, -0.0075234901160001755, -0.02825355716049671, 0.041850753128528595, 0.25751492381095886, -0.04128526523709297, 0.1506955921649933, -0.04829030483961105], [-0.12123239040374756, 0.09100786596536636, -0.006423871498554945, 0.4209330379962921, 0.03889697790145874, -0.10452808439731598, -0.01392329391092062, -0.004709495697170496, -0.0726890116930008, 0.02676958404481411, 0.025753816589713097, 0.11587807536125183, 0.16818773746490479, 0.11977015435695648, -0.15213671326637268, 0.06356480717658997], [-0.253343403339386, -0.03890790045261383, -0.03890811651945114, -0.030454352498054504, 0.1791437864303589, -0.0008575863321311772, 0.014151807874441147, 0.01361220795661211, -0.4046187698841095, -0.02254079282283783, 0.00946322362869978, 0.04548031836748123, -0.0434667244553566, 0.0345788337290287, 0.09563802927732468, 0.002816845430061221], [0.19602631032466888, 0.26667529344558716, 0.3160162568092346, -0.39508798718452454, -0.17805016040802002, 0.4171886742115021, 0.26848822832107544, -0.06563469022512436, -0.21924027800559998, -0.04177752509713173, 0.05101221427321434, 0.08793722093105316, -0.2708953320980072, 0.4021350145339966, -0.15771467983722687, -0.1130809634923935], [-0.3073517382144928, -0.09860891848802567, 0.28812992572784424, -0.26804664731025696, 0.07338152080774307, 0.07671749591827393, 0.3075665533542633, -0.1539473980665207, -0.2432200312614441, -0.2322029024362564, -0.07971597462892532, 0.5396573543548584, -0.37922248244285583, 0.4165698289871216, 0.2755264341831207, 0.020201222971081734], [-0.27315476536750793, -0.24821262061595917, -0.18925341963768005, 0.15410321950912476, -0.08939022570848465, 0.3659243583679199, 0.023730799555778503, -0.02423541061580181, -0.31971311569213867, 0.2893064022064209, 0.07488285005092621, 0.20074865221977234, 0.16018255054950714, -0.0161774642765522, 0.14976462721824646, -0.1853935867547989], [0.05299919471144676, 0.20228835940361023, -0.22217170894145966, 0.030172891914844513, 0.1446557492017746, 0.17591874301433563, -0.1640864610671997, -0.030435357242822647, -0.3594781756401062, 0.4127330780029297, -0.18909963965415955, 0.07529102265834808, -0.005684956442564726, -0.22541065514087677, 0.07573358714580536, 0.268142431974411], [-0.07141628861427307, 0.3877231180667877, 0.13091693818569183, -0.3029874563217163, 0.3463056981563568, -0.11017726361751556, -0.06562986224889755, 0.05913740396499634, 0.11854061484336853, 0.13046947121620178, -0.1614498645067215, 0.19215664267539978, 0.010733116418123245, -0.20993703603744507, -0.06805501878261566, 0.32361385226249695], [-0.2585778534412384, 0.2028861790895462, 0.15871238708496094, -0.11991463601589203, 0.13104379177093506, -0.024617429822683334, -0.04616440832614899, 0.01905497908592224, -0.20895668864250183, 0.15350480377674103, -0.20555879175662994, 0.46533647179603577, -0.09065618366003036, 0.0413968451321125, 0.3825051188468933, 0.30755025148391724], [0.13535556197166443, -0.22826367616653442, 0.1463746726512909, 0.02343924343585968, -0.0512467660009861, -0.02306300774216652, 0.03177933767437935, 0.026489894837141037, 0.3888057768344879, -0.08857297152280807, 0.00270478636957705, 